
BOOT edge-health-monitor board=lm3s6965evb
BOOT boot_count=1 wd_resets=0
FRAME A5 5A 01 01 01 00 16 00 38 18 00 00 FC 12 00 00 98 03 00 00 78 00 00 00 00 00 00 00 00 00 C1 5E
FRAME A5 5A 01 01 02 00 16 00 92 18 00 00 FC 12 00 00 98 03 00 00 78 00 00 00 00 00 00 00 00 00 4A 13
FRAME A5 5A 01 01 03 00 16 00 EC 18 00 00 FC 12 00 00 98 03 00 00 78 00 00 00 00 00 00 00 00 00 AA 43
FRAME A5 5A 01 01 04 00 16 00 46 19 00 00 FC 12 00 00 98 03 00 00 78 00 00 00 00 00 00 00 00 00 D4 E0
FRAME A5 5A 01 01 05 00 16 00 A0 19 00 00 FC 12 00 00 98 03 00 00 78 00 00 00 00 00 00 00 00 00 24 73
FRAME A5 5A 01 01 06 00 16 00 FA 19 00 00 FC 12 00 00 98 03 00 00 78 00 00 00 00 00 00 00 00 00 50 75
FRAME A5 5A 01 01 07 00 16 00 54 1A 00 00 FC 12 00 00 98 03 00 00 78 00 00 00 00 00 00 00 00 00 5E 47
FRAME A5 5A 01 01 08 00 16 00 AE 1A 00 00 FC 12 00 00 98 03 00 00 78 00 00 00 00 00 00 00 00 00 AF 73
FRAME A5 5A 01 01 09 00 16 00 08 1B 00 00 FC 12 00 00 98 03 00 00 78 00 00 00 00 00 00 00 00 00 0B 05
FRAME A5 5A 01 01 0A 00 16 00 62 1B 00 00 FC 12 00 00 98 03 00 00 78 00 00 00 00 00 01 00 00 00 4D E8
FRAME A5 5A 01 01 0B 00 16 00 BC 1B 00 00 FC 12 00 00 98 03 00 00 78 00 00 00 00 00 01 00 00 00 07 CA
STAT boot=1
STAT wd_resets=0
STAT frames=11
STAT seq=12
STAT uptime_ms=1000
FRAME A5 5A 01 01 0C 00 16 00 16 1C 00 00 FC 12 00 00 98 03 00 00 78 00 00 00 00 00 01 00 00 00 1F 0F
FRAME A5 5A 01 01 0D 00 16 00 70 1C 00 00 FC 12 00 00 98 03 00 00 78 00 00 00 00 00 01 00 00 00 67 F4
FRAME A5 5A 01 01 0E 00 16 00 CA 1C 00 00 FC 12 00 00 98 03 00 00 78 00 00 00 00 00 01 00 00 00 FD B4
FRAME A5 5A 01 01 0F 00 16 00 24 1D 00 00 FC 12 00 00 1C 0C 00 00 78 00 00 00 00 00 01 00 00 00 04 DB
FRAME A5 5A 01 01 10 00 16 00 7E 1D 00 00 FC 12 00 00 98 03 00 00 78 00 00 00 00 00 01 00 00 00 5B E9
FRAME A5 5A 01 01 11 00 16 00 D8 1D 00 00 FC 12 00 00 98 03 00 00 78 00 00 00 00 00 01 00 00 00 EF 4E
FRAME A5 5A 01 01 12 00 16 00 32 1E 00 00 FC 12 00 00 98 03 00 00 70 03 00 00 00 00 01 00 00 00 86 1E
FRAME A5 5A 01 01 13 00 16 00 8C 1E 00 00 FC 12 00 00 98 03 00 00 78 00 00 00 00 00 01 00 00 00 3F 08
FRAME A5 5A 01 01 14 00 16 00 E6 1E 00 00 FC 12 00 00 98 03 00 00 78 00 00 00 00 00 02 00 00 00 9D 62
FRAME A5 5A 01 01 15 00 16 00 40 1F 00 00 FC 12 00 00 98 03 00 00 78 00 00 00 00 00 02 00 00 00 39 14
STAT boot=1
STAT wd_resets=0
STAT frames=21
STAT seq=22
STAT uptime_ms=2000
FRAME A5 5A 01 01 16 00 16 00 9A 1F 00 00 FC 12 00 00 98 03 00 00 78 00 00 00 00 00 02 00 00 00 C5 7A
FRAME A5 5A 01 01 17 00 16 00 F4 1F 00 00 FC 12 00 00 98 03 00 00 78 00 00 00 01 00 02 00 00 00 35 F6
FRAME A5 5A 01 01 18 00 16 00 4E 20 00 00 FC 12 00 00 98 03 00 00 78 00 00 00 00 00 02 00 00 00 4B 2B
FRAME A5 5A 01 01 19 00 16 00 38 18 00 00 FC 12 00 00 98 03 00 00 78 00 00 00 00 00 02 00 00 00 9E 66
FRAME A5 5A 01 01 1A 00 16 00 92 18 00 00 FC 12 00 00 98 03 00 00 78 00 00 00 00 00 02 00 00 00 15 2B
FRAME A5 5A 01 01 1B 00 16 00 EC 18 00 00 FC 12 00 00 98 03 00 00 78 00 00 00 00 00 02 00 00 00 F5 7B
FRAME A5 5A 01 01 1C 00 16 00 46 19 00 00 FC 12 00 00 98 03 00 00 78 00 00 00 00 00 02 00 00 00 8B D8
FRAME A5 5A 01 01 1D 00 16 00 A0 19 00 00 FC 12 00 00 98 03 00 00 78 00 00 00 00 00 02 00 00 00 7B 4B
FRAME A5 5A 01 01 1E 00 16 00 FA 19 00 00 FC 12 00 00 1C 0C 00 00 78 00 00 00 00 00 03 00 00 00 9E 3A
FRAME A5 5A 01 01 1F 00 16 00 54 1A 00 00 FC 12 00 00 98 03 00 00 78 00 00 00 00 00 03 00 00 00 00 83
STAT boot=1
STAT wd_resets=0
STAT frames=31
STAT seq=32
STAT uptime_ms=3000
FRAME A5 5A 01 01 20 00 16 00 AE 1A 00 00 FC 12 00 00 98 03 00 00 78 00 00 00 00 00 03 00 00 00 4E F7
FRAME A5 5A 01 01 21 00 16 00 08 1B 00 00 FC 12 00 00 98 03 00 00 78 00 00 00 00 00 03 00 00 00 EA 81
FRAME A5 5A 01 01 22 00 16 00 62 1B 00 00 FC 12 00 00 98 03 00 00 78 00 00 00 00 00 03 00 00 00 AD 90
FRAME A5 5A 01 01 23 00 16 00 BC 1B 00 00 FC 12 00 00 98 03 00 00 78 00 00 00 00 00 03 00 00 00 E7 B2
FRAME A5 5A 01 01 24 00 16 00 16 1C 00 00 FC 12 00 00 98 03 00 00 70 03 00 00 00 00 03 00 00 00 6A 6D
FRAME A5 5A 01 01 25 00 16 00 70 1C 00 00 FC 12 00 00 98 03 00 00 78 00 00 00 00 00 03 00 00 00 87 8C
FRAME A5 5A 01 01 26 00 16 00 CA 1C 00 00 FC 12 00 00 98 03 00 00 78 00 00 00 00 00 03 00 00 00 1D CC
FRAME A5 5A 01 01 27 00 16 00 24 1D 00 00 FC 12 00 00 98 03 00 00 78 00 00 00 00 00 03 00 00 00 74 28
FRAME A5 5A 01 01 28 00 16 00 7E 1D 00 00 FC 12 00 00 98 03 00 00 78 00 00 00 00 00 04 00 00 00 2E 1A
FRAME A5 5A 01 01 29 00 16 00 D8 1D 00 00 FC 12 00 00 98 03 00 00 78 00 00 00 00 00 04 00 00 00 9A BD
STAT boot=1
STAT wd_resets=0
STAT frames=41
STAT seq=42
STAT uptime_ms=4000
FRAME A5 5A 01 01 2A 00 16 00 32 1E 00 00 FC 12 00 00 98 03 00 00 78 00 00 00 00 00 04 00 00 00 66 F7
FRAME A5 5A 01 01 2B 00 16 00 8C 1E 00 00 FC 12 00 00 98 03 00 00 78 00 00 00 00 00 04 00 00 00 4A FB
FRAME A5 5A 01 01 2C 00 16 00 E6 1E 00 00 FC 12 00 00 98 03 00 00 78 00 00 00 00 00 04 00 00 00 E8 D5
FRAME A5 5A 01 01 2D 00 16 00 40 1F 00 00 FC 12 00 00 1C 0C 00 00 78 00 00 00 00 00 04 00 00 00 DC 28
FRAME A5 5A 01 01 2E 00 16 00 9A 1F 00 00 FC 12 00 00 98 03 00 00 78 00 00 00 01 00 04 00 00 00 B1 1C
FRAME A5 5A 01 01 2F 00 16 00 F4 1F 00 00 FC 12 00 00 98 03 00 00 78 00 00 00 00 00 04 00 00 00 41 90
FRAME A5 5A 01 01 30 00 16 00 4E 20 00 00 FC 12 00 00 98 03 00 00 78 00 00 00 00 00 04 00 00 00 AA 63
FRAME A5 5A 01 01 31 00 16 00 38 18 00 00 FC 12 00 00 98 03 00 00 78 00 00 00 00 00 04 00 00 00 7F 2E
FRAME A5 5A 01 01 32 00 16 00 92 18 00 00 FC 12 00 00 98 03 00 00 78 00 00 00 00 00 05 00 00 00 F5 9F
FRAME A5 5A 01 01 33 00 16 00 EC 18 00 00 FC 12 00 00 98 03 00 00 78 00 00 00 00 00 05 00 00 00 15 CF
STAT boot=1
STAT wd_resets=0
STAT frames=51
STAT seq=52
STAT uptime_ms=5000
FRAME A5 5A 01 01 34 00 16 00 46 19 00 00 FC 12 00 00 98 03 00 00 78 00 00 00 00 00 05 00 00 00 6B 6C
FRAME A5 5A 01 01 35 00 16 00 A0 19 00 00 FC 12 00 00 98 03 00 00 78 00 00 00 00 00 05 00 00 00 9B FF
FRAME A5 5A 01 01 36 00 16 00 FA 19 00 00 FC 12 00 00 98 03 00 00 70 03 00 00 00 00 05 00 00 00 7A E3
FRAME A5 5A 01 01 37 00 16 00 54 1A 00 00 FC 12 00 00 98 03 00 00 78 00 00 00 00 00 05 00 00 00 E1 CB
FRAME A5 5A 01 01 38 00 16 00 AE 1A 00 00 FC 12 00 00 98 03 00 00 78 00 00 00 00 00 05 00 00 00 10 FF
FRAME A5 5A 01 01 39 00 16 00 08 1B 00 00 FC 12 00 00 98 03 00 00 78 00 00 00 00 00 05 00 00 00 B4 89
FRAME A5 5A 01 01 3A 00 16 00 62 1B 00 00 FC 12 00 00 98 03 00 00 78 00 00 00 00 00 05 00 00 00 F3 98
FRAME A5 5A 01 01 3B 00 16 00 BC 1B 00 00 FC 12 00 00 98 03 00 00 78 00 00 00 00 00 05 00 00 00 B9 BA
FRAME A5 5A 01 01 3C 00 16 00 16 1C 00 00 FC 12 00 00 1C 0C 00 00 78 00 00 00 00 00 06 00 00 00 31 B0
FRAME A5 5A 01 01 3D 00 16 00 70 1C 00 00 FC 12 00 00 98 03 00 00 78 00 00 00 00 00 06 00 00 00 D9 C0
STAT boot=1
STAT wd_resets=0
STAT frames=61
STAT seq=62
STAT uptime_ms=6000
FRAME A5 5A 01 01 3E 00 16 00 CA 1C 00 00 FC 12 00 00 98 03 00 00 78 00 00 00 00 00 06 00 00 00 43 80
FRAME A5 5A 01 01 3F 00 16 00 24 1D 00 00 FC 12 00 00 98 03 00 00 78 00 00 00 00 00 06 00 00 00 2A 64
FRAME A5 5A 01 01 40 00 16 00 7E 1D 00 00 FC 12 00 00 98 03 00 00 78 00 00 00 00 00 06 00 00 00 9B 5C
FRAME A5 5A 01 01 41 00 16 00 D8 1D 00 00 FC 12 00 00 98 03 00 00 78 00 00 00 00 00 06 00 00 00 2F FB
FRAME A5 5A 01 01 42 00 16 00 32 1E 00 00 FC 12 00 00 98 03 00 00 78 00 00 00 00 00 06 00 00 00 D3 B1
FRAME A5 5A 01 01 43 00 16 00 8C 1E 00 00 FC 12 00 00 98 03 00 00 78 00 00 00 00 00 06 00 00 00 FF BD
FRAME A5 5A 01 01 44 00 16 00 E6 1E 00 00 FC 12 00 00 98 03 00 00 78 00 00 00 00 00 06 00 00 00 5D 93
FRAME A5 5A 01 01 45 00 16 00 40 1F 00 00 FC 12 00 00 98 03 00 00 78 00 00 00 01 00 06 00 00 00 F8 34
FRAME A5 5A 01 01 46 00 16 00 9A 1F 00 00 FC 12 00 00 98 03 00 00 78 00 00 00 00 00 07 00 00 00 04 77
FRAME A5 5A 01 01 47 00 16 00 F4 1F 00 00 FC 12 00 00 98 03 00 00 78 00 00 00 00 00 07 00 00 00 F5 2A
STAT boot=1
STAT wd_resets=0
STAT frames=71
STAT seq=72
STAT uptime_ms=7000
FRAME A5 5A 01 01 48 00 16 00 4E 20 00 00 FC 12 00 00 98 03 00 00 70 03 00 00 00 00 07 00 00 00 1F 3C
FRAME A5 5A 01 01 49 00 16 00 38 18 00 00 FC 12 00 00 98 03 00 00 78 00 00 00 00 00 07 00 00 00 5F 6B
FRAME A5 5A 01 01 4A 00 16 00 92 18 00 00 FC 12 00 00 98 03 00 00 78 00 00 00 00 00 07 00 00 00 D4 26
FRAME A5 5A 01 01 4B 00 16 00 EC 18 00 00 FC 12 00 00 1C 0C 00 00 78 00 00 00 00 00 07 00 00 00 A4 FD
FRAME A5 5A 01 01 4C 00 16 00 46 19 00 00 FC 12 00 00 98 03 00 00 78 00 00 00 00 00 07 00 00 00 4A D5
FRAME A5 5A 01 01 4D 00 16 00 A0 19 00 00 FC 12 00 00 98 03 00 00 78 00 00 00 00 00 07 00 00 00 BA 46
FRAME A5 5A 01 01 4E 00 16 00 FA 19 00 00 FC 12 00 00 98 03 00 00 78 00 00 00 00 00 07 00 00 00 CE 40
FRAME A5 5A 01 01 4F 00 16 00 54 1A 00 00 FC 12 00 00 98 03 00 00 78 00 00 00 00 00 07 00 00 00 C0 72
FRAME A5 5A 01 01 50 00 16 00 AE 1A 00 00 FC 12 00 00 98 03 00 00 78 00 00 00 00 00 08 00 00 00 A6 AD
FRAME A5 5A 01 01 51 00 16 00 08 1B 00 00 FC 12 00 00 98 03 00 00 78 00 00 00 00 00 08 00 00 00 02 DB
STAT boot=1
STAT wd_resets=0
STAT frames=81
STAT seq=82
STAT uptime_ms=8000
FRAME A5 5A 01 01 52 00 16 00 62 1B 00 00 FC 12 00 00 98 03 00 00 78 00 00 00 00 00 08 00 00 00 45 CA
FRAME A5 5A 01 01 53 00 16 00 BC 1B 00 00 FC 12 00 00 98 03 00 00 78 00 00 00 00 00 08 00 00 00 0F E8
FRAME A5 5A 01 01 54 00 16 00 16 1C 00 00 FC 12 00 00 98 03 00 00 78 00 00 00 00 00 08 00 00 00 17 2D
FRAME A5 5A 01 01 55 00 16 00 70 1C 00 00 FC 12 00 00 98 03 00 00 78 00 00 00 00 00 08 00 00 00 6F D6
FRAME A5 5A 01 01 56 00 16 00 CA 1C 00 00 FC 12 00 00 98 03 00 00 78 00 00 00 00 00 08 00 00 00 F5 96
FRAME A5 5A 01 01 57 00 16 00 24 1D 00 00 FC 12 00 00 98 03 00 00 78 00 00 00 00 00 08 00 00 00 9C 72
FRAME A5 5A 01 01 58 00 16 00 7E 1D 00 00 FC 12 00 00 98 03 00 00 78 00 00 00 00 00 08 00 00 00 C7 34
FRAME A5 5A 01 01 59 00 16 00 D8 1D 00 00 FC 12 00 00 98 03 00 00 78 00 00 00 00 00 08 00 00 00 73 93
FRAME A5 5A 01 01 5A 00 16 00 32 1E 00 00 FC 12 00 00 1C 0C 00 00 70 03 00 00 00 00 09 00 00 00 8B B4
FRAME A5 5A 01 01 5B 00 16 00 8C 1E 00 00 FC 12 00 00 98 03 00 00 78 00 00 00 00 00 09 00 00 00 A2 29
STAT boot=1
STAT wd_resets=0
STAT frames=91
STAT seq=92
STAT uptime_ms=9000
FRAME A5 5A 01 01 5C 00 16 00 E6 1E 00 00 FC 12 00 00 98 03 00 00 78 00 00 00 01 00 09 00 00 00 01 D6
FRAME A5 5A 01 01 5D 00 16 00 40 1F 00 00 FC 12 00 00 98 03 00 00 78 00 00 00 00 00 09 00 00 00 A4 71
FRAME A5 5A 01 01 5E 00 16 00 9A 1F 00 00 FC 12 00 00 98 03 00 00 78 00 00 00 00 00 09 00 00 00 58 1F
FRAME A5 5A 01 01 5F 00 16 00 F4 1F 00 00 FC 12 00 00 98 03 00 00 78 00 00 00 00 00 09 00 00 00 A9 42
FRAME A5 5A 01 01 60 00 16 00 4E 20 00 00 FC 12 00 00 98 03 00 00 78 00 00 00 00 00 09 00 00 00 69 0E
FRAME A5 5A 01 01 61 00 16 00 38 18 00 00 FC 12 00 00 98 03 00 00 78 00 00 00 00 00 09 00 00 00 BC 43
FRAME A5 5A 01 01 62 00 16 00 92 18 00 00 FC 12 00 00 98 03 00 00 78 00 00 00 00 00 09 00 00 00 37 0E
FRAME A5 5A 01 01 63 00 16 00 EC 18 00 00 FC 12 00 00 98 03 00 00 78 00 00 00 00 00 09 00 00 00 D7 5E
FRAME A5 5A 01 01 64 00 16 00 46 19 00 00 FC 12 00 00 98 03 00 00 78 00 00 00 00 00 0A 00 00 00 A9 B9
FRAME A5 5A 01 01 65 00 16 00 A0 19 00 00 FC 12 00 00 98 03 00 00 78 00 00 00 00 00 0A 00 00 00 59 2A
STAT boot=1
STAT wd_resets=0
STAT frames=101
STAT seq=102
STAT uptime_ms=10000
FRAME A5 5A 01 01 66 00 16 00 FA 19 00 00 FC 12 00 00 98 03 00 00 78 00 00 00 00 00 0A 00 00 00 2D 2C
FRAME A5 5A 01 01 67 00 16 00 54 1A 00 00 FC 12 00 00 98 03 00 00 78 00 00 00 00 00 0A 00 00 00 23 1E
FRAME A5 5A 01 01 68 00 16 00 AE 1A 00 00 FC 12 00 00 98 03 00 00 78 00 00 00 00 00 0A 00 00 00 D2 2A
FRAME A5 5A 01 01 69 00 16 00 08 1B 00 00 FC 12 00 00 1C 0C 00 00 78 00 00 00 00 00 0A 00 00 00 E6 D7
FRAME A5 5A 01 01 6A 00 16 00 62 1B 00 00 FC 12 00 00 98 03 00 00 78 00 00 00 00 00 0A 00 00 00 31 4D
FRAME A5 5A 01 01 6B 00 16 00 BC 1B 00 00 FC 12 00 00 98 03 00 00 78 00 00 00 00 00 0A 00 00 00 7B 6F
FRAME A5 5A 01 01 6C 00 16 00 16 1C 00 00 FC 12 00 00 98 03 00 00 70 03 00 00 00 00 0A 00 00 00 F6 B0
FRAME A5 5A 01 01 6D 00 16 00 70 1C 00 00 FC 12 00 00 98 03 00 00 78 00 00 00 00 00 0A 00 00 00 1B 51
FRAME A5 5A 01 01 6E 00 16 00 CA 1C 00 00 FC 12 00 00 98 03 00 00 78 00 00 00 00 00 0B 00 00 00 80 ED
FRAME A5 5A 01 01 6F 00 16 00 24 1D 00 00 FC 12 00 00 98 03 00 00 78 00 00 00 00 00 0B 00 00 00 E9 09
STAT boot=1
STAT wd_resets=0
STAT frames=111
STAT seq=112
STAT uptime_ms=11000
FRAME A5 5A 01 01 70 00 16 00 7E 1D 00 00 FC 12 00 00 98 03 00 00 78 00 00 00 00 00 0B 00 00 00 26 B0
FRAME A5 5A 01 01 71 00 16 00 D8 1D 00 00 FC 12 00 00 98 03 00 00 78 00 00 00 00 00 0B 00 00 00 92 17
FRAME A5 5A 01 01 72 00 16 00 32 1E 00 00 FC 12 00 00 98 03 00 00 78 00 00 00 00 00 0B 00 00 00 6E 5D
FRAME A5 5A 01 01 73 00 16 00 8C 1E 00 00 FC 12 00 00 98 03 00 00 78 00 00 00 01 00 0B 00 00 00 43 80
FRAME A5 5A 01 01 74 00 16 00 E6 1E 00 00 FC 12 00 00 98 03 00 00 78 00 00 00 00 00 0B 00 00 00 E0 7F
FRAME A5 5A 01 01 75 00 16 00 40 1F 00 00 FC 12 00 00 98 03 00 00 78 00 00 00 00 00 0B 00 00 00 44 09
FRAME A5 5A 01 01 76 00 16 00 9A 1F 00 00 FC 12 00 00 98 03 00 00 78 00 00 00 00 00 0B 00 00 00 B8 67
FRAME A5 5A 01 01 77 00 16 00 F4 1F 00 00 FC 12 00 00 98 03 00 00 78 00 00 00 00 00 0B 00 00 00 49 3A
FRAME A5 5A 01 01 78 00 16 00 4E 20 00 00 FC 12 00 00 1C 0C 00 00 78 00 00 00 00 00 0C 00 00 00 A7 C9
FRAME A5 5A 01 01 79 00 16 00 38 18 00 00 FC 12 00 00 98 03 00 00 78 00 00 00 00 00 0C 00 00 00 E2 0F
STAT boot=1
STAT wd_resets=0
STAT frames=121
STAT seq=122
STAT uptime_ms=12000
FRAME A5 5A 01 01 7A 00 16 00 92 18 00 00 FC 12 00 00 98 03 00 00 78 00 00 00 00 00 0C 00 00 00 69 42
FRAME A5 5A 01 01 7B 00 16 00 EC 18 00 00 FC 12 00 00 98 03 00 00 78 00 00 00 00 00 0C 00 00 00 89 12
FRAME A5 5A 01 01 7C 00 16 00 46 19 00 00 FC 12 00 00 98 03 00 00 78 00 00 00 00 00 0C 00 00 00 F7 B1
FRAME A5 5A 01 01 7D 00 16 00 A0 19 00 00 FC 12 00 00 98 03 00 00 78 00 00 00 00 00 0C 00 00 00 07 22
FRAME A5 5A 01 01 7E 00 16 00 FA 19 00 00 FC 12 00 00 98 03 00 00 70 03 00 00 00 00 0C 00 00 00 E6 3E
FRAME A5 5A 01 01 7F 00 16 00 54 1A 00 00 FC 12 00 00 98 03 00 00 78 00 00 00 00 00 0C 00 00 00 7D 16
FRAME A5 5A 01 01 80 00 16 00 AE 1A 00 00 FC 12 00 00 98 03 00 00 78 00 00 00 00 00 0C 00 00 00 CC 20
FRAME A5 5A 01 01 81 00 16 00 08 1B 00 00 FC 12 00 00 98 03 00 00 78 00 00 00 00 00 0C 00 00 00 68 56
FRAME A5 5A 01 01 82 00 16 00 62 1B 00 00 FC 12 00 00 98 03 00 00 78 00 00 00 00 00 0D 00 00 00 2E BB
FRAME A5 5A 01 01 83 00 16 00 BC 1B 00 00 FC 12 00 00 98 03 00 00 78 00 00 00 00 00 0D 00 00 00 64 99
STAT boot=1
STAT wd_resets=0
STAT frames=131
STAT seq=132
STAT uptime_ms=13000
FRAME A5 5A 01 01 84 00 16 00 16 1C 00 00 FC 12 00 00 98 03 00 00 78 00 00 00 00 00 0D 00 00 00 7C 5C
FRAME A5 5A 01 01 85 00 16 00 70 1C 00 00 FC 12 00 00 98 03 00 00 78 00 00 00 00 00 0D 00 00 00 04 A7
FRAME A5 5A 01 01 86 00 16 00 CA 1C 00 00 FC 12 00 00 98 03 00 00 78 00 00 00 00 00 0D 00 00 00 9E E7
FRAME A5 5A 01 01 87 00 16 00 24 1D 00 00 FC 12 00 00 1C 0C 00 00 78 00 00 00 00 00 0D 00 00 00 67 88
FRAME A5 5A 01 01 88 00 16 00 7E 1D 00 00 FC 12 00 00 98 03 00 00 78 00 00 00 00 00 0D 00 00 00 AC 45
FRAME A5 5A 01 01 89 00 16 00 D8 1D 00 00 FC 12 00 00 98 03 00 00 78 00 00 00 00 00 0D 00 00 00 18 E2
FRAME A5 5A 01 01 8A 00 16 00 32 1E 00 00 FC 12 00 00 98 03 00 00 78 00 00 00 01 00 0D 00 00 00 E5 79
FRAME A5 5A 01 01 8B 00 16 00 8C 1E 00 00 FC 12 00 00 98 03 00 00 78 00 00 00 00 00 0D 00 00 00 C8 A4
FRAME A5 5A 01 01 8C 00 16 00 E6 1E 00 00 FC 12 00 00 98 03 00 00 78 00 00 00 00 00 0E 00 00 00 6A CE
FRAME A5 5A 01 01 8D 00 16 00 40 1F 00 00 FC 12 00 00 98 03 00 00 78 00 00 00 00 00 0E 00 00 00 CE B8
STAT boot=1
STAT wd_resets=0
STAT frames=141
STAT seq=142
STAT uptime_ms=14000
FRAME A5 5A 01 01 8E 00 16 00 9A 1F 00 00 FC 12 00 00 98 03 00 00 78 00 00 00 00 00 0E 00 00 00 32 D6
FRAME A5 5A 01 01 8F 00 16 00 F4 1F 00 00 FC 12 00 00 98 03 00 00 78 00 00 00 00 00 0E 00 00 00 C3 8B
FRAME A5 5A 01 01 90 00 16 00 4E 20 00 00 FC 12 00 00 98 03 00 00 70 03 00 00 00 00 0E 00 00 00 BD 62
FRAME A5 5A 01 01 91 00 16 00 38 18 00 00 FC 12 00 00 98 03 00 00 78 00 00 00 00 00 0E 00 00 00 FD 35
FRAME A5 5A 01 01 92 00 16 00 92 18 00 00 FC 12 00 00 98 03 00 00 78 00 00 00 00 00 0E 00 00 00 76 78
FRAME A5 5A 01 01 93 00 16 00 EC 18 00 00 FC 12 00 00 98 03 00 00 78 00 00 00 00 00 0E 00 00 00 96 28
FRAME A5 5A 01 01 94 00 16 00 46 19 00 00 FC 12 00 00 98 03 00 00 78 00 00 00 00 00 0E 00 00 00 E8 8B
FRAME A5 5A 01 01 95 00 16 00 A0 19 00 00 FC 12 00 00 98 03 00 00 78 00 00 00 00 00 0E 00 00 00 18 18
FRAME A5 5A 01 01 96 00 16 00 FA 19 00 00 FC 12 00 00 1C 0C 00 00 78 00 00 00 00 00 0F 00 00 00 FD 69
FRAME A5 5A 01 01 97 00 16 00 54 1A 00 00 FC 12 00 00 98 03 00 00 78 00 00 00 00 00 0F 00 00 00 63 D0
STAT boot=1
STAT wd_resets=0
STAT frames=151
STAT seq=152
STAT uptime_ms=15000
FRAME A5 5A 01 01 98 00 16 00 AE 1A 00 00 FC 12 00 00 98 03 00 00 78 00 00 00 00 00 0F 00 00 00 92 E4
FRAME A5 5A 01 01 99 00 16 00 08 1B 00 00 FC 12 00 00 98 03 00 00 78 00 00 00 00 00 0F 00 00 00 36 92
FRAME A5 5A 01 01 9A 00 16 00 62 1B 00 00 FC 12 00 00 98 03 00 00 78 00 00 00 00 00 0F 00 00 00 71 83
FRAME A5 5A 01 01 9B 00 16 00 BC 1B 00 00 FC 12 00 00 98 03 00 00 78 00 00 00 00 00 0F 00 00 00 3B A1
FRAME A5 5A 01 01 9C 00 16 00 16 1C 00 00 FC 12 00 00 98 03 00 00 78 00 00 00 00 00 0F 00 00 00 23 64
FRAME A5 5A 01 01 9D 00 16 00 70 1C 00 00 FC 12 00 00 98 03 00 00 78 00 00 00 00 00 0F 00 00 00 5B 9F
FRAME A5 5A 01 01 9E 00 16 00 CA 1C 00 00 FC 12 00 00 98 03 00 00 78 00 00 00 00 00 0F 00 00 00 C1 DF
FRAME A5 5A 01 01 9F 00 16 00 24 1D 00 00 FC 12 00 00 98 03 00 00 78 00 00 00 00 00 0F 00 00 00 A8 3B
FRAME A5 5A 01 01 A0 00 16 00 7E 1D 00 00 FC 12 00 00 98 03 00 00 78 00 00 00 00 00 10 00 00 00 4B E9
FRAME A5 5A 01 01 A1 00 16 00 D8 1D 00 00 FC 12 00 00 98 03 00 00 78 00 00 00 01 00 10 00 00 00 FE 9F
STAT boot=1
STAT wd_resets=0
STAT frames=161
STAT seq=162
STAT uptime_ms=16000
FRAME A5 5A 01 01 A2 00 16 00 32 1E 00 00 FC 12 00 00 98 03 00 00 70 03 00 00 00 00 10 00 00 00 96 1E
FRAME A5 5A 01 01 A3 00 16 00 8C 1E 00 00 FC 12 00 00 98 03 00 00 78 00 00 00 00 00 10 00 00 00 2F 08
FRAME A5 5A 01 01 A4 00 16 00 E6 1E 00 00 FC 12 00 00 98 03 00 00 78 00 00 00 00 00 10 00 00 00 8D 26
FRAME A5 5A 01 01 A5 00 16 00 40 1F 00 00 FC 12 00 00 1C 0C 00 00 78 00 00 00 00 00 10 00 00 00 B9 DB
FRAME A5 5A 01 01 A6 00 16 00 9A 1F 00 00 FC 12 00 00 98 03 00 00 78 00 00 00 00 00 10 00 00 00 D5 3E
FRAME A5 5A 01 01 A7 00 16 00 F4 1F 00 00 FC 12 00 00 98 03 00 00 78 00 00 00 00 00 10 00 00 00 24 63
FRAME A5 5A 01 01 A8 00 16 00 4E 20 00 00 FC 12 00 00 98 03 00 00 78 00 00 00 00 00 10 00 00 00 5B 6F
FRAME A5 5A 01 01 A9 00 16 00 38 18 00 00 FC 12 00 00 98 03 00 00 78 00 00 00 00 00 10 00 00 00 8E 22
FRAME A5 5A 01 01 AA 00 16 00 92 18 00 00 FC 12 00 00 98 03 00 00 78 00 00 00 00 00 11 00 00 00 04 93
FRAME A5 5A 01 01 AB 00 16 00 EC 18 00 00 FC 12 00 00 98 03 00 00 78 00 00 00 00 00 11 00 00 00 E4 C3
STAT boot=1
STAT wd_resets=0
STAT frames=171
STAT seq=172
STAT uptime_ms=17000
FRAME A5 5A 01 01 AC 00 16 00 46 19 00 00 FC 12 00 00 98 03 00 00 78 00 00 00 00 00 11 00 00 00 9A 60
FRAME A5 5A 01 01 AD 00 16 00 A0 19 00 00 FC 12 00 00 98 03 00 00 78 00 00 00 00 00 11 00 00 00 6A F3
FRAME A5 5A 01 01 AE 00 16 00 FA 19 00 00 FC 12 00 00 98 03 00 00 78 00 00 00 00 00 11 00 00 00 1E F5
FRAME A5 5A 01 01 AF 00 16 00 54 1A 00 00 FC 12 00 00 98 03 00 00 78 00 00 00 00 00 11 00 00 00 10 C7
FRAME A5 5A 01 01 B0 00 16 00 AE 1A 00 00 FC 12 00 00 98 03 00 00 78 00 00 00 00 00 11 00 00 00 75 0C
FRAME A5 5A 01 01 B1 00 16 00 08 1B 00 00 FC 12 00 00 98 03 00 00 78 00 00 00 00 00 11 00 00 00 D1 7A
FRAME A5 5A 01 01 B2 00 16 00 62 1B 00 00 FC 12 00 00 98 03 00 00 78 00 00 00 00 00 11 00 00 00 96 6B
FRAME A5 5A 01 01 B3 00 16 00 BC 1B 00 00 FC 12 00 00 98 03 00 00 78 00 00 00 00 00 11 00 00 00 DC 49
FRAME A5 5A 01 01 B4 00 16 00 16 1C 00 00 FC 12 00 00 1C 0C 00 00 70 03 00 00 00 00 12 00 00 00 C1 59
FRAME A5 5A 01 01 B5 00 16 00 70 1C 00 00 FC 12 00 00 98 03 00 00 78 00 00 00 00 00 12 00 00 00 BC 33
STAT boot=1
STAT wd_resets=0
STAT frames=181
STAT seq=182
STAT uptime_ms=18000
FRAME A5 5A 01 01 B6 00 16 00 CA 1C 00 00 FC 12 00 00 98 03 00 00 78 00 00 00 00 00 12 00 00 00 26 73
FRAME A5 5A 01 01 B7 00 16 00 24 1D 00 00 FC 12 00 00 98 03 00 00 78 00 00 00 00 00 12 00 00 00 4F 97
FRAME A5 5A 01 01 B8 00 16 00 7E 1D 00 00 FC 12 00 00 98 03 00 00 78 00 00 00 01 00 12 00 00 00 15 00
FRAME A5 5A 01 01 B9 00 16 00 D8 1D 00 00 FC 12 00 00 98 03 00 00 78 00 00 00 00 00 12 00 00 00 A0 76
FRAME A5 5A 01 01 BA 00 16 00 32 1E 00 00 FC 12 00 00 98 03 00 00 78 00 00 00 00 00 12 00 00 00 5C 3C
FRAME A5 5A 01 01 BB 00 16 00 8C 1E 00 00 FC 12 00 00 98 03 00 00 78 00 00 00 00 00 12 00 00 00 70 30
FRAME A5 5A 01 01 BC 00 16 00 E6 1E 00 00 FC 12 00 00 98 03 00 00 78 00 00 00 00 00 12 00 00 00 D2 1E
FRAME A5 5A 01 01 BD 00 16 00 40 1F 00 00 FC 12 00 00 98 03 00 00 78 00 00 00 00 00 12 00 00 00 76 68
FRAME A5 5A 01 01 BE 00 16 00 9A 1F 00 00 FC 12 00 00 98 03 00 00 78 00 00 00 00 00 13 00 00 00 8B FA
FRAME A5 5A 01 01 BF 00 16 00 F4 1F 00 00 FC 12 00 00 98 03 00 00 78 00 00 00 00 00 13 00 00 00 7A A7
STAT boot=1
STAT wd_resets=0
STAT frames=191
STAT seq=192
STAT uptime_ms=19000
FRAME A5 5A 01 01 C0 00 16 00 4E 20 00 00 FC 12 00 00 98 03 00 00 78 00 00 00 00 00 13 00 00 00 EF D5
FRAME A5 5A 01 01 C1 00 16 00 38 18 00 00 FC 12 00 00 98 03 00 00 78 00 00 00 00 00 13 00 00 00 3A 98
FRAME A5 5A 01 01 C2 00 16 00 92 18 00 00 FC 12 00 00 98 03 00 00 78 00 00 00 00 00 13 00 00 00 B1 D5
FRAME A5 5A 01 01 C3 00 16 00 EC 18 00 00 FC 12 00 00 1C 0C 00 00 78 00 00 00 00 00 13 00 00 00 C1 0E
FRAME A5 5A 01 01 C4 00 16 00 46 19 00 00 FC 12 00 00 98 03 00 00 78 00 00 00 00 00 13 00 00 00 2F 26
FRAME A5 5A 01 01 C5 00 16 00 A0 19 00 00 FC 12 00 00 98 03 00 00 78 00 00 00 00 00 13 00 00 00 DF B5
FRAME A5 5A 01 01 C6 00 16 00 FA 19 00 00 FC 12 00 00 98 03 00 00 70 03 00 00 00 00 13 00 00 00 3E A9
FRAME A5 5A 01 01 C7 00 16 00 54 1A 00 00 FC 12 00 00 98 03 00 00 78 00 00 00 00 00 13 00 00 00 A5 81
FRAME A5 5A 01 01 C8 00 16 00 AE 1A 00 00 FC 12 00 00 98 03 00 00 78 00 00 00 00 00 14 00 00 00 55 C1
FRAME A5 5A 01 01 C9 00 16 00 08 1B 00 00 FC 12 00 00 98 03 00 00 78 00 00 00 00 00 14 00 00 00 F1 B7
STAT boot=1
STAT wd_resets=0
STAT frames=201
STAT seq=202
STAT uptime_ms=20000
FRAME A5 5A 01 01 CA 00 16 00 62 1B 00 00 FC 12 00 00 98 03 00 00 78 00 00 00 00 00 14 00 00 00 B6 A6
FRAME A5 5A 01 01 CB 00 16 00 BC 1B 00 00 FC 12 00 00 98 03 00 00 78 00 00 00 00 00 14 00 00 00 FC 84
FRAME A5 5A 01 01 CC 00 16 00 16 1C 00 00 FC 12 00 00 98 03 00 00 78 00 00 00 00 00 14 00 00 00 E4 41
FRAME A5 5A 01 01 CD 00 16 00 70 1C 00 00 FC 12 00 00 98 03 00 00 78 00 00 00 00 00 14 00 00 00 9C BA
FRAME A5 5A 01 01 CE 00 16 00 CA 1C 00 00 FC 12 00 00 98 03 00 00 78 00 00 00 00 00 14 00 00 00 06 FA
FRAME A5 5A 01 01 CF 00 16 00 24 1D 00 00 FC 12 00 00 98 03 00 00 78 00 00 00 01 00 14 00 00 00 6E CF
FRAME A5 5A 01 01 D0 00 16 00 7E 1D 00 00 FC 12 00 00 98 03 00 00 78 00 00 00 00 00 14 00 00 00 A0 A7
FRAME A5 5A 01 01 D1 00 16 00 D8 1D 00 00 FC 12 00 00 98 03 00 00 78 00 00 00 00 00 14 00 00 00 14 00
FRAME A5 5A 01 01 D2 00 16 00 32 1E 00 00 FC 12 00 00 1C 0C 00 00 78 00 00 00 00 00 15 00 00 00 79 3D
FRAME A5 5A 01 01 D3 00 16 00 8C 1E 00 00 FC 12 00 00 98 03 00 00 78 00 00 00 00 00 15 00 00 00 C5 BA
STAT boot=1
STAT wd_resets=0
STAT frames=211
STAT seq=212
STAT uptime_ms=21000
FRAME A5 5A 01 01 D4 00 16 00 E6 1E 00 00 FC 12 00 00 98 03 00 00 78 00 00 00 00 00 15 00 00 00 67 94
FRAME A5 5A 01 01 D5 00 16 00 40 1F 00 00 FC 12 00 00 98 03 00 00 78 00 00 00 00 00 15 00 00 00 C3 E2
FRAME A5 5A 01 01 D6 00 16 00 9A 1F 00 00 FC 12 00 00 98 03 00 00 78 00 00 00 00 00 15 00 00 00 3F 8C
FRAME A5 5A 01 01 D7 00 16 00 F4 1F 00 00 FC 12 00 00 98 03 00 00 78 00 00 00 00 00 15 00 00 00 CE D1
FRAME A5 5A 01 01 D8 00 16 00 4E 20 00 00 FC 12 00 00 98 03 00 00 70 03 00 00 00 00 15 00 00 00 24 C7
FRAME A5 5A 01 01 D9 00 16 00 38 18 00 00 FC 12 00 00 98 03 00 00 78 00 00 00 00 00 15 00 00 00 64 90
FRAME A5 5A 01 01 DA 00 16 00 92 18 00 00 FC 12 00 00 98 03 00 00 78 00 00 00 00 00 15 00 00 00 EF DD
FRAME A5 5A 01 01 DB 00 16 00 EC 18 00 00 FC 12 00 00 98 03 00 00 78 00 00 00 00 00 15 00 00 00 0F 8D
FRAME A5 5A 01 01 DC 00 16 00 46 19 00 00 FC 12 00 00 98 03 00 00 78 00 00 00 00 00 16 00 00 00 71 6A
FRAME A5 5A 01 01 DD 00 16 00 A0 19 00 00 FC 12 00 00 98 03 00 00 78 00 00 00 00 00 16 00 00 00 81 F9
STAT boot=1
STAT wd_resets=0
STAT frames=221
STAT seq=222
STAT uptime_ms=22000
FRAME A5 5A 01 01 DE 00 16 00 FA 19 00 00 FC 12 00 00 98 03 00 00 78 00 00 00 00 00 16 00 00 00 F5 FF
FRAME A5 5A 01 01 DF 00 16 00 54 1A 00 00 FC 12 00 00 98 03 00 00 78 00 00 00 00 00 16 00 00 00 FB CD
FRAME A5 5A 01 01 E0 00 16 00 AE 1A 00 00 FC 12 00 00 98 03 00 00 78 00 00 00 00 00 16 00 00 00 B5 B9
FRAME A5 5A 01 01 E1 00 16 00 08 1B 00 00 FC 12 00 00 1C 0C 00 00 78 00 00 00 00 00 16 00 00 00 81 44
FRAME A5 5A 01 01 E2 00 16 00 62 1B 00 00 FC 12 00 00 98 03 00 00 78 00 00 00 00 00 16 00 00 00 56 DE
FRAME A5 5A 01 01 E3 00 16 00 BC 1B 00 00 FC 12 00 00 98 03 00 00 78 00 00 00 00 00 16 00 00 00 1C FC
FRAME A5 5A 01 01 E4 00 16 00 16 1C 00 00 FC 12 00 00 98 03 00 00 78 00 00 00 00 00 16 00 00 00 04 39
FRAME A5 5A 01 01 E5 00 16 00 70 1C 00 00 FC 12 00 00 98 03 00 00 78 00 00 00 00 00 16 00 00 00 7C C2
FRAME A5 5A 01 01 E6 00 16 00 CA 1C 00 00 FC 12 00 00 98 03 00 00 78 00 00 00 01 00 17 00 00 00 E6 AF
FRAME A5 5A 01 01 E7 00 16 00 24 1D 00 00 FC 12 00 00 98 03 00 00 78 00 00 00 00 00 17 00 00 00 8E 9A
STAT boot=1
STAT wd_resets=0
STAT frames=231
STAT seq=232
STAT uptime_ms=23000
FRAME A5 5A 01 01 E8 00 16 00 7E 1D 00 00 FC 12 00 00 98 03 00 00 78 00 00 00 00 00 17 00 00 00 D5 DC
FRAME A5 5A 01 01 E9 00 16 00 D8 1D 00 00 FC 12 00 00 98 03 00 00 78 00 00 00 00 00 17 00 00 00 61 7B
FRAME A5 5A 01 01 EA 00 16 00 32 1E 00 00 FC 12 00 00 98 03 00 00 70 03 00 00 00 00 17 00 00 00 08 2B
FRAME A5 5A 01 01 EB 00 16 00 8C 1E 00 00 FC 12 00 00 98 03 00 00 78 00 00 00 00 00 17 00 00 00 B1 3D
FRAME A5 5A 01 01 EC 00 16 00 E6 1E 00 00 FC 12 00 00 98 03 00 00 78 00 00 00 00 00 17 00 00 00 13 13
FRAME A5 5A 01 01 ED 00 16 00 40 1F 00 00 FC 12 00 00 98 03 00 00 78 00 00 00 00 00 17 00 00 00 B7 65
FRAME A5 5A 01 01 EE 00 16 00 9A 1F 00 00 FC 12 00 00 98 03 00 00 78 00 00 00 00 00 17 00 00 00 4B 0B
FRAME A5 5A 01 01 EF 00 16 00 F4 1F 00 00 FC 12 00 00 98 03 00 00 78 00 00 00 00 00 17 00 00 00 BA 56
FRAME A5 5A 01 01 F0 00 16 00 4E 20 00 00 FC 12 00 00 1C 0C 00 00 78 00 00 00 00 00 18 00 00 00 C2 3A
FRAME A5 5A 01 01 F1 00 16 00 38 18 00 00 FC 12 00 00 98 03 00 00 78 00 00 00 00 00 18 00 00 00 87 FC
STAT boot=1
STAT wd_resets=0
STAT frames=241
STAT seq=242
STAT uptime_ms=24000
FRAME A5 5A 01 01 F2 00 16 00 92 18 00 00 FC 12 00 00 98 03 00 00 78 00 00 00 00 00 18 00 00 00 0C B1
FRAME A5 5A 01 01 F3 00 16 00 EC 18 00 00 FC 12 00 00 98 03 00 00 78 00 00 00 00 00 18 00 00 00 EC E1
FRAME A5 5A 01 01 F4 00 16 00 46 19 00 00 FC 12 00 00 98 03 00 00 78 00 00 00 00 00 18 00 00 00 92 42
FRAME A5 5A 01 01 F5 00 16 00 A0 19 00 00 FC 12 00 00 98 03 00 00 78 00 00 00 00 00 18 00 00 00 62 D1
FRAME A5 5A 01 01 F6 00 16 00 FA 19 00 00 FC 12 00 00 98 03 00 00 78 00 00 00 00 00 18 00 00 00 16 D7
FRAME A5 5A 01 01 F7 00 16 00 54 1A 00 00 FC 12 00 00 98 03 00 00 78 00 00 00 00 00 18 00 00 00 18 E5
FRAME A5 5A 01 01 F8 00 16 00 AE 1A 00 00 FC 12 00 00 98 03 00 00 78 00 00 00 00 00 18 00 00 00 E9 D1
FRAME A5 5A 01 01 F9 00 16 00 08 1B 00 00 FC 12 00 00 98 03 00 00 78 00 00 00 00 00 18 00 00 00 4D A7
FRAME A5 5A 01 01 FA 00 16 00 62 1B 00 00 FC 12 00 00 98 03 00 00 78 00 00 00 00 00 19 00 00 00 0B 4A
FRAME A5 5A 01 01 FB 00 16 00 BC 1B 00 00 FC 12 00 00 98 03 00 00 78 00 00 00 00 00 19 00 00 00 41 68
STAT boot=1
STAT wd_resets=0
STAT frames=251
STAT seq=252
STAT uptime_ms=25000
FRAME A5 5A 01 01 FC 00 16 00 16 1C 00 00 FC 12 00 00 98 03 00 00 70 03 00 00 00 00 19 00 00 00 CC B7
FRAME A5 5A 01 01 FD 00 16 00 70 1C 00 00 FC 12 00 00 98 03 00 00 78 00 00 00 01 00 19 00 00 00 20 87
FRAME A5 5A 01 01 FE 00 16 00 CA 1C 00 00 FC 12 00 00 98 03 00 00 78 00 00 00 00 00 19 00 00 00 BB 16
FRAME A5 5A 01 01 FF 00 16 00 24 1D 00 00 FC 12 00 00 1C 0C 00 00 78 00 00 00 00 00 19 00 00 00 42 79
FRAME A5 5A 01 01 00 01 16 00 7E 1D 00 00 FC 12 00 00 98 03 00 00 78 00 00 00 00 00 19 00 00 00 9D 4F
FRAME A5 5A 01 01 01 01 16 00 D8 1D 00 00 FC 12 00 00 98 03 00 00 78 00 00 00 00 00 19 00 00 00 29 E8
FRAME A5 5A 01 01 02 01 16 00 32 1E 00 00 FC 12 00 00 98 03 00 00 78 00 00 00 00 00 19 00 00 00 D5 A2
FRAME A5 5A 01 01 03 01 16 00 8C 1E 00 00 FC 12 00 00 98 03 00 00 78 00 00 00 00 00 19 00 00 00 F9 AE
FRAME A5 5A 01 01 04 01 16 00 E6 1E 00 00 FC 12 00 00 98 03 00 00 78 00 00 00 00 00 1A 00 00 00 5B C4
FRAME A5 5A 01 01 05 01 16 00 40 1F 00 00 FC 12 00 00 98 03 00 00 78 00 00 00 00 00 1A 00 00 00 FF B2
STAT boot=1
STAT wd_resets=0
STAT frames=261
STAT seq=262
STAT uptime_ms=26000
FRAME A5 5A 01 01 06 01 16 00 9A 1F 00 00 FC 12 00 00 98 03 00 00 78 00 00 00 00 00 1A 00 00 00 03 DC
FRAME A5 5A 01 01 07 01 16 00 F4 1F 00 00 FC 12 00 00 98 03 00 00 78 00 00 00 00 00 1A 00 00 00 F2 81
FRAME A5 5A 01 01 08 01 16 00 4E 20 00 00 FC 12 00 00 98 03 00 00 78 00 00 00 00 00 1A 00 00 00 8D 8D
FRAME A5 5A 01 01 09 01 16 00 38 18 00 00 FC 12 00 00 98 03 00 00 78 00 00 00 00 00 1A 00 00 00 58 C0
FRAME A5 5A 01 01 0A 01 16 00 92 18 00 00 FC 12 00 00 98 03 00 00 78 00 00 00 00 00 1A 00 00 00 D3 8D
FRAME A5 5A 01 01 0B 01 16 00 EC 18 00 00 FC 12 00 00 98 03 00 00 78 00 00 00 00 00 1A 00 00 00 33 DD
FRAME A5 5A 01 01 0C 01 16 00 46 19 00 00 FC 12 00 00 98 03 00 00 78 00 00 00 00 00 1A 00 00 00 4D 7E
FRAME A5 5A 01 01 0D 01 16 00 A0 19 00 00 FC 12 00 00 98 03 00 00 78 00 00 00 00 00 1A 00 00 00 BD ED
FRAME A5 5A 01 01 0E 01 16 00 FA 19 00 00 FC 12 00 00 1C 0C 00 00 70 03 00 00 00 00 1B 00 00 00 CD 86
FRAME A5 5A 01 01 0F 01 16 00 54 1A 00 00 FC 12 00 00 98 03 00 00 78 00 00 00 00 00 1B 00 00 00 C6 25
STAT boot=1
STAT wd_resets=0
STAT frames=271
STAT seq=272
STAT uptime_ms=27000
FRAME A5 5A 01 01 10 01 16 00 AE 1A 00 00 FC 12 00 00 98 03 00 00 78 00 00 00 00 00 1B 00 00 00 A3 EE
FRAME A5 5A 01 01 11 01 16 00 08 1B 00 00 FC 12 00 00 98 03 00 00 78 00 00 00 00 00 1B 00 00 00 07 98
FRAME A5 5A 01 01 12 01 16 00 62 1B 00 00 FC 12 00 00 98 03 00 00 78 00 00 00 00 00 1B 00 00 00 40 89
FRAME A5 5A 01 01 13 01 16 00 BC 1B 00 00 FC 12 00 00 98 03 00 00 78 00 00 00 00 00 1B 00 00 00 0A AB
FRAME A5 5A 01 01 14 01 16 00 16 1C 00 00 FC 12 00 00 98 03 00 00 78 00 00 00 01 00 1B 00 00 00 13 BF
FRAME A5 5A 01 01 15 01 16 00 70 1C 00 00 FC 12 00 00 98 03 00 00 78 00 00 00 00 00 1B 00 00 00 6A 95
FRAME A5 5A 01 01 16 01 16 00 CA 1C 00 00 FC 12 00 00 98 03 00 00 78 00 00 00 00 00 1B 00 00 00 F0 D5
FRAME A5 5A 01 01 17 01 16 00 24 1D 00 00 FC 12 00 00 98 03 00 00 78 00 00 00 00 00 1B 00 00 00 99 31
FRAME A5 5A 01 01 18 01 16 00 7E 1D 00 00 FC 12 00 00 98 03 00 00 78 00 00 00 00 00 1C 00 00 00 C3 03
FRAME A5 5A 01 01 19 01 16 00 D8 1D 00 00 FC 12 00 00 98 03 00 00 78 00 00 00 00 00 1C 00 00 00 77 A4
STAT boot=1
STAT wd_resets=0
STAT frames=281
STAT seq=282
STAT uptime_ms=28000
FRAME A5 5A 01 01 1A 01 16 00 32 1E 00 00 FC 12 00 00 98 03 00 00 78 00 00 00 00 00 1C 00 00 00 8B EE
FRAME A5 5A 01 01 1B 01 16 00 8C 1E 00 00 FC 12 00 00 98 03 00 00 78 00 00 00 00 00 1C 00 00 00 A7 E2
FRAME A5 5A 01 01 1C 01 16 00 E6 1E 00 00 FC 12 00 00 98 03 00 00 78 00 00 00 00 00 1C 00 00 00 05 CC
FRAME A5 5A 01 01 1D 01 16 00 40 1F 00 00 FC 12 00 00 1C 0C 00 00 78 00 00 00 00 00 1C 00 00 00 31 31
FRAME A5 5A 01 01 1E 01 16 00 9A 1F 00 00 FC 12 00 00 98 03 00 00 78 00 00 00 00 00 1C 00 00 00 5D D4
FRAME A5 5A 01 01 1F 01 16 00 F4 1F 00 00 FC 12 00 00 98 03 00 00 78 00 00 00 00 00 1C 00 00 00 AC 89
FRAME A5 5A 01 01 20 01 16 00 4E 20 00 00 FC 12 00 00 98 03 00 00 70 03 00 00 00 00 1C 00 00 00 F9 DF
FRAME A5 5A 01 01 21 01 16 00 38 18 00 00 FC 12 00 00 98 03 00 00 78 00 00 00 00 00 1C 00 00 00 B9 88
FRAME A5 5A 01 01 22 01 16 00 92 18 00 00 FC 12 00 00 98 03 00 00 78 00 00 00 00 00 1D 00 00 00 33 39
FRAME A5 5A 01 01 23 01 16 00 EC 18 00 00 FC 12 00 00 98 03 00 00 78 00 00 00 00 00 1D 00 00 00 D3 69
STAT boot=1
STAT wd_resets=0
STAT frames=291
STAT seq=292
STAT uptime_ms=29000
FRAME A5 5A 01 01 24 01 16 00 46 19 00 00 FC 12 00 00 98 03 00 00 78 00 00 00 00 00 1D 00 00 00 AD CA
FRAME A5 5A 01 01 25 01 16 00 A0 19 00 00 FC 12 00 00 98 03 00 00 78 00 00 00 00 00 1D 00 00 00 5D 59
FRAME A5 5A 01 01 26 01 16 00 FA 19 00 00 FC 12 00 00 98 03 00 00 78 00 00 00 00 00 1D 00 00 00 29 5F
FRAME A5 5A 01 01 27 01 16 00 54 1A 00 00 FC 12 00 00 98 03 00 00 78 00 00 00 00 00 1D 00 00 00 27 6D
FRAME A5 5A 01 01 28 01 16 00 AE 1A 00 00 FC 12 00 00 98 03 00 00 78 00 00 00 00 00 1D 00 00 00 D6 59
FRAME A5 5A 01 01 29 01 16 00 08 1B 00 00 FC 12 00 00 98 03 00 00 78 00 00 00 00 00 1D 00 00 00 72 2F
FRAME A5 5A 01 01 2A 01 16 00 62 1B 00 00 FC 12 00 00 98 03 00 00 78 00 00 00 00 00 1D 00 00 00 35 3E
FRAME A5 5A 01 01 2B 01 16 00 BC 1B 00 00 FC 12 00 00 98 03 00 00 78 00 00 00 01 00 1D 00 00 00 7E CD
FRAME A5 5A 01 01 2C 01 16 00 16 1C 00 00 FC 12 00 00 1C 0C 00 00 78 00 00 00 00 00 1E 00 00 00 F7 16
FRAME A5 5A 01 01 2D 01 16 00 70 1C 00 00 FC 12 00 00 98 03 00 00 78 00 00 00 00 00 1E 00 00 00 1F 66
STAT boot=1
STAT wd_resets=0
STAT frames=301
STAT seq=302
STAT uptime_ms=30000
FRAME A5 5A 01 01 2E 01 16 00 CA 1C 00 00 FC 12 00 00 98 03 00 00 78 00 00 00 00 00 1E 00 00 00 85 26
FRAME A5 5A 01 01 2F 01 16 00 24 1D 00 00 FC 12 00 00 98 03 00 00 78 00 00 00 00 00 1E 00 00 00 EC C2
FRAME A5 5A 01 01 30 01 16 00 7E 1D 00 00 FC 12 00 00 98 03 00 00 78 00 00 00 00 00 1E 00 00 00 23 7B
FRAME A5 5A 01 01 31 01 16 00 D8 1D 00 00 FC 12 00 00 98 03 00 00 78 00 00 00 00 00 1E 00 00 00 97 DC
FRAME A5 5A 01 01 32 01 16 00 32 1E 00 00 FC 12 00 00 98 03 00 00 70 03 00 00 00 00 1E 00 00 00 FE 8C
FRAME A5 5A 01 01 33 01 16 00 8C 1E 00 00 FC 12 00 00 98 03 00 00 78 00 00 00 00 00 1E 00 00 00 47 9A
FRAME A5 5A 01 01 34 01 16 00 E6 1E 00 00 FC 12 00 00 98 03 00 00 78 00 00 00 00 00 1E 00 00 00 E5 B4
FRAME A5 5A 01 01 35 01 16 00 40 1F 00 00 FC 12 00 00 98 03 00 00 78 00 00 00 00 00 1E 00 00 00 41 C2
FRAME A5 5A 01 01 36 01 16 00 9A 1F 00 00 FC 12 00 00 98 03 00 00 78 00 00 00 00 00 1F 00 00 00 BC 50
FRAME A5 5A 01 01 37 01 16 00 F4 1F 00 00 FC 12 00 00 98 03 00 00 78 00 00 00 00 00 1F 00 00 00 4D 0D
STAT boot=1
STAT wd_resets=0
STAT frames=311
STAT seq=312
STAT uptime_ms=31000
FRAME A5 5A 01 01 38 01 16 00 4E 20 00 00 FC 12 00 00 98 03 00 00 78 00 00 00 00 00 1F 00 00 00 32 01
FRAME A5 5A 01 01 39 01 16 00 38 18 00 00 FC 12 00 00 98 03 00 00 78 00 00 00 00 00 1F 00 00 00 E7 4C
FRAME A5 5A 01 01 3A 01 16 00 92 18 00 00 FC 12 00 00 98 03 00 00 78 00 00 00 00 00 1F 00 00 00 6C 01
FRAME A5 5A 01 01 3B 01 16 00 EC 18 00 00 FC 12 00 00 1C 0C 00 00 78 00 00 00 00 00 1F 00 00 00 1C DA
FRAME A5 5A 01 01 3C 01 16 00 46 19 00 00 FC 12 00 00 98 03 00 00 78 00 00 00 00 00 1F 00 00 00 F2 F2
FRAME A5 5A 01 01 3D 01 16 00 A0 19 00 00 FC 12 00 00 98 03 00 00 78 00 00 00 00 00 1F 00 00 00 02 61
FRAME A5 5A 01 01 3E 01 16 00 FA 19 00 00 FC 12 00 00 98 03 00 00 78 00 00 00 00 00 1F 00 00 00 76 67
FRAME A5 5A 01 01 3F 01 16 00 54 1A 00 00 FC 12 00 00 98 03 00 00 78 00 00 00 00 00 1F 00 00 00 78 55
FRAME A5 5A 01 01 40 01 16 00 AE 1A 00 00 FC 12 00 00 98 03 00 00 78 00 00 00 00 00 20 00 00 00 6F 0B
FRAME A5 5A 01 01 41 01 16 00 08 1B 00 00 FC 12 00 00 98 03 00 00 78 00 00 00 00 00 20 00 00 00 CB 7D
STAT boot=1
STAT wd_resets=0
STAT frames=321
STAT seq=322
STAT uptime_ms=32000
FRAME A5 5A 01 01 42 01 16 00 62 1B 00 00 FC 12 00 00 98 03 00 00 78 00 00 00 01 00 20 00 00 00 8D BD
FRAME A5 5A 01 01 43 01 16 00 BC 1B 00 00 FC 12 00 00 98 03 00 00 78 00 00 00 00 00 20 00 00 00 C6 4E
FRAME A5 5A 01 01 44 01 16 00 16 1C 00 00 FC 12 00 00 98 03 00 00 70 03 00 00 00 00 20 00 00 00 4B 91
FRAME A5 5A 01 01 45 01 16 00 70 1C 00 00 FC 12 00 00 98 03 00 00 78 00 00 00 00 00 20 00 00 00 A6 70
FRAME A5 5A 01 01 46 01 16 00 CA 1C 00 00 FC 12 00 00 98 03 00 00 78 00 00 00 00 00 20 00 00 00 3C 30
FRAME A5 5A 01 01 47 01 16 00 24 1D 00 00 FC 12 00 00 98 03 00 00 78 00 00 00 00 00 20 00 00 00 55 D4
FRAME A5 5A 01 01 48 01 16 00 7E 1D 00 00 FC 12 00 00 98 03 00 00 78 00 00 00 00 00 20 00 00 00 0E 92
FRAME A5 5A 01 01 49 01 16 00 D8 1D 00 00 FC 12 00 00 98 03 00 00 78 00 00 00 00 00 20 00 00 00 BA 35
FRAME A5 5A 01 01 4A 01 16 00 32 1E 00 00 FC 12 00 00 1C 0C 00 00 78 00 00 00 00 00 21 00 00 00 D7 08
FRAME A5 5A 01 01 4B 01 16 00 8C 1E 00 00 FC 12 00 00 98 03 00 00 78 00 00 00 00 00 21 00 00 00 6B 8F
STAT boot=1
STAT wd_resets=0
STAT frames=331
STAT seq=332
STAT uptime_ms=33000
FRAME A5 5A 01 01 4C 01 16 00 E6 1E 00 00 FC 12 00 00 98 03 00 00 78 00 00 00 00 00 21 00 00 00 C9 A1
FRAME A5 5A 01 01 4D 01 16 00 40 1F 00 00 FC 12 00 00 98 03 00 00 78 00 00 00 00 00 21 00 00 00 6D D7
FRAME A5 5A 01 01 4E 01 16 00 9A 1F 00 00 FC 12 00 00 98 03 00 00 78 00 00 00 00 00 21 00 00 00 91 B9
FRAME A5 5A 01 01 4F 01 16 00 F4 1F 00 00 FC 12 00 00 98 03 00 00 78 00 00 00 00 00 21 00 00 00 60 E4
FRAME A5 5A 01 01 50 01 16 00 4E 20 00 00 FC 12 00 00 98 03 00 00 78 00 00 00 00 00 21 00 00 00 8B 17
FRAME A5 5A 01 01 51 01 16 00 38 18 00 00 FC 12 00 00 98 03 00 00 78 00 00 00 00 00 21 00 00 00 5E 5A
FRAME A5 5A 01 01 52 01 16 00 92 18 00 00 FC 12 00 00 98 03 00 00 78 00 00 00 00 00 21 00 00 00 D5 17
FRAME A5 5A 01 01 53 01 16 00 EC 18 00 00 FC 12 00 00 98 03 00 00 78 00 00 00 00 00 21 00 00 00 35 47
FRAME A5 5A 01 01 54 01 16 00 46 19 00 00 FC 12 00 00 98 03 00 00 78 00 00 00 00 00 22 00 00 00 4B A0
FRAME A5 5A 01 01 55 01 16 00 A0 19 00 00 FC 12 00 00 98 03 00 00 78 00 00 00 00 00 22 00 00 00 BB 33
STAT boot=1
STAT wd_resets=0
STAT frames=341
STAT seq=342
STAT uptime_ms=34000
FRAME A5 5A 01 01 56 01 16 00 FA 19 00 00 FC 12 00 00 98 03 00 00 70 03 00 00 00 00 22 00 00 00 5A 2F
FRAME A5 5A 01 01 57 01 16 00 54 1A 00 00 FC 12 00 00 98 03 00 00 78 00 00 00 00 00 22 00 00 00 C1 07
FRAME A5 5A 01 01 58 01 16 00 AE 1A 00 00 FC 12 00 00 98 03 00 00 78 00 00 00 00 00 22 00 00 00 30 33
FRAME A5 5A 01 01 59 01 16 00 08 1B 00 00 FC 12 00 00 1C 0C 00 00 78 00 00 00 01 00 22 00 00 00 05 1F
FRAME A5 5A 01 01 5A 01 16 00 62 1B 00 00 FC 12 00 00 98 03 00 00 78 00 00 00 00 00 22 00 00 00 D3 54
FRAME A5 5A 01 01 5B 01 16 00 BC 1B 00 00 FC 12 00 00 98 03 00 00 78 00 00 00 00 00 22 00 00 00 99 76
FRAME A5 5A 01 01 5C 01 16 00 16 1C 00 00 FC 12 00 00 98 03 00 00 78 00 00 00 00 00 22 00 00 00 81 B3
FRAME A5 5A 01 01 5D 01 16 00 70 1C 00 00 FC 12 00 00 98 03 00 00 78 00 00 00 00 00 22 00 00 00 F9 48
FRAME A5 5A 01 01 5E 01 16 00 CA 1C 00 00 FC 12 00 00 98 03 00 00 78 00 00 00 00 00 23 00 00 00 62 F4
FRAME A5 5A 01 01 5F 01 16 00 24 1D 00 00 FC 12 00 00 98 03 00 00 78 00 00 00 00 00 23 00 00 00 0B 10
STAT boot=1
STAT wd_resets=0
STAT frames=351
STAT seq=352
STAT uptime_ms=35000
FRAME A5 5A 01 01 60 01 16 00 7E 1D 00 00 FC 12 00 00 98 03 00 00 78 00 00 00 00 00 23 00 00 00 EF 16
FRAME A5 5A 01 01 61 01 16 00 D8 1D 00 00 FC 12 00 00 98 03 00 00 78 00 00 00 00 00 23 00 00 00 5B B1
FRAME A5 5A 01 01 62 01 16 00 32 1E 00 00 FC 12 00 00 98 03 00 00 78 00 00 00 00 00 23 00 00 00 A7 FB
FRAME A5 5A 01 01 63 01 16 00 8C 1E 00 00 FC 12 00 00 98 03 00 00 78 00 00 00 00 00 23 00 00 00 8B F7
FRAME A5 5A 01 01 64 01 16 00 E6 1E 00 00 FC 12 00 00 98 03 00 00 78 00 00 00 00 00 23 00 00 00 29 D9
FRAME A5 5A 01 01 65 01 16 00 40 1F 00 00 FC 12 00 00 98 03 00 00 78 00 00 00 00 00 23 00 00 00 8D AF
FRAME A5 5A 01 01 66 01 16 00 9A 1F 00 00 FC 12 00 00 98 03 00 00 78 00 00 00 00 00 23 00 00 00 71 C1
FRAME A5 5A 01 01 67 01 16 00 F4 1F 00 00 FC 12 00 00 98 03 00 00 78 00 00 00 00 00 23 00 00 00 80 9C
FRAME A5 5A 01 01 68 01 16 00 4E 20 00 00 FC 12 00 00 1C 0C 00 00 70 03 00 00 00 00 24 00 00 00 FB 75
FRAME A5 5A 01 01 69 01 16 00 38 18 00 00 FC 12 00 00 98 03 00 00 78 00 00 00 00 00 24 00 00 00 2B A9
STAT boot=1
STAT wd_resets=0
STAT frames=361
STAT seq=362
STAT uptime_ms=36000
FRAME A5 5A 01 01 6A 01 16 00 92 18 00 00 FC 12 00 00 98 03 00 00 78 00 00 00 00 00 24 00 00 00 A0 E4
FRAME A5 5A 01 01 6B 01 16 00 EC 18 00 00 FC 12 00 00 98 03 00 00 78 00 00 00 00 00 24 00 00 00 40 B4
FRAME A5 5A 01 01 6C 01 16 00 46 19 00 00 FC 12 00 00 98 03 00 00 78 00 00 00 00 00 24 00 00 00 3E 17
FRAME A5 5A 01 01 6D 01 16 00 A0 19 00 00 FC 12 00 00 98 03 00 00 78 00 00 00 00 00 24 00 00 00 CE 84
FRAME A5 5A 01 01 6E 01 16 00 FA 19 00 00 FC 12 00 00 98 03 00 00 78 00 00 00 00 00 24 00 00 00 BA 82
FRAME A5 5A 01 01 6F 01 16 00 54 1A 00 00 FC 12 00 00 98 03 00 00 78 00 00 00 00 00 24 00 00 00 B4 B0
FRAME A5 5A 01 01 70 01 16 00 AE 1A 00 00 FC 12 00 00 98 03 00 00 78 00 00 00 01 00 24 00 00 00 D0 AA
FRAME A5 5A 01 01 71 01 16 00 08 1B 00 00 FC 12 00 00 98 03 00 00 78 00 00 00 00 00 24 00 00 00 75 0D
FRAME A5 5A 01 01 72 01 16 00 62 1B 00 00 FC 12 00 00 98 03 00 00 78 00 00 00 00 00 25 00 00 00 33 E0
FRAME A5 5A 01 01 73 01 16 00 BC 1B 00 00 FC 12 00 00 98 03 00 00 78 00 00 00 00 00 25 00 00 00 79 C2
STAT boot=1
STAT wd_resets=0
STAT frames=371
STAT seq=372
STAT uptime_ms=37000
FRAME A5 5A 01 01 74 01 16 00 16 1C 00 00 FC 12 00 00 98 03 00 00 78 00 00 00 00 00 25 00 00 00 61 07
FRAME A5 5A 01 01 75 01 16 00 70 1C 00 00 FC 12 00 00 98 03 00 00 78 00 00 00 00 00 25 00 00 00 19 FC
FRAME A5 5A 01 01 76 01 16 00 CA 1C 00 00 FC 12 00 00 98 03 00 00 78 00 00 00 00 00 25 00 00 00 83 BC
FRAME A5 5A 01 01 77 01 16 00 24 1D 00 00 FC 12 00 00 1C 0C 00 00 78 00 00 00 00 00 25 00 00 00 7A D3
FRAME A5 5A 01 01 78 01 16 00 7E 1D 00 00 FC 12 00 00 98 03 00 00 78 00 00 00 00 00 25 00 00 00 B1 1E
FRAME A5 5A 01 01 79 01 16 00 D8 1D 00 00 FC 12 00 00 98 03 00 00 78 00 00 00 00 00 25 00 00 00 05 B9
FRAME A5 5A 01 01 7A 01 16 00 32 1E 00 00 FC 12 00 00 98 03 00 00 70 03 00 00 00 00 25 00 00 00 6C E9
FRAME A5 5A 01 01 7B 01 16 00 8C 1E 00 00 FC 12 00 00 98 03 00 00 78 00 00 00 00 00 25 00 00 00 D5 FF
FRAME A5 5A 01 01 7C 01 16 00 E6 1E 00 00 FC 12 00 00 98 03 00 00 78 00 00 00 00 00 26 00 00 00 77 95
FRAME A5 5A 01 01 7D 01 16 00 40 1F 00 00 FC 12 00 00 98 03 00 00 78 00 00 00 00 00 26 00 00 00 D3 E3
STAT boot=1
STAT wd_resets=0
STAT frames=381
STAT seq=382
STAT uptime_ms=38000
FRAME A5 5A 01 01 7E 01 16 00 9A 1F 00 00 FC 12 00 00 98 03 00 00 78 00 00 00 00 00 26 00 00 00 2F 8D
FRAME A5 5A 01 01 7F 01 16 00 F4 1F 00 00 FC 12 00 00 98 03 00 00 78 00 00 00 00 00 26 00 00 00 DE D0
FRAME A5 5A 01 01 80 01 16 00 4E 20 00 00 FC 12 00 00 98 03 00 00 78 00 00 00 00 00 26 00 00 00 E1 DE
FRAME A5 5A 01 01 81 01 16 00 38 18 00 00 FC 12 00 00 98 03 00 00 78 00 00 00 00 00 26 00 00 00 34 93
FRAME A5 5A 01 01 82 01 16 00 92 18 00 00 FC 12 00 00 98 03 00 00 78 00 00 00 00 00 26 00 00 00 BF DE
FRAME A5 5A 01 01 83 01 16 00 EC 18 00 00 FC 12 00 00 98 03 00 00 78 00 00 00 00 00 26 00 00 00 5F 8E
FRAME A5 5A 01 01 84 01 16 00 46 19 00 00 FC 12 00 00 98 03 00 00 78 00 00 00 00 00 26 00 00 00 21 2D
FRAME A5 5A 01 01 85 01 16 00 A0 19 00 00 FC 12 00 00 98 03 00 00 78 00 00 00 00 00 26 00 00 00 D1 BE
FRAME A5 5A 01 01 86 01 16 00 FA 19 00 00 FC 12 00 00 1C 0C 00 00 78 00 00 00 00 00 27 00 00 00 34 CF
FRAME A5 5A 01 01 87 01 16 00 54 1A 00 00 FC 12 00 00 98 03 00 00 78 00 00 00 01 00 27 00 00 00 AB A7
STAT boot=1
STAT wd_resets=0
STAT frames=391
STAT seq=392
STAT uptime_ms=39000
FRAME A5 5A 01 01 88 01 16 00 AE 1A 00 00 FC 12 00 00 98 03 00 00 78 00 00 00 00 00 27 00 00 00 5B 42
FRAME A5 5A 01 01 89 01 16 00 08 1B 00 00 FC 12 00 00 98 03 00 00 78 00 00 00 00 00 27 00 00 00 FF 34
FRAME A5 5A 01 01 8A 01 16 00 62 1B 00 00 FC 12 00 00 98 03 00 00 78 00 00 00 00 00 27 00 00 00 B8 25
FRAME A5 5A 01 01 8B 01 16 00 BC 1B 00 00 FC 12 00 00 98 03 00 00 78 00 00 00 00 00 27 00 00 00 F2 07
FRAME A5 5A 01 01 8C 01 16 00 16 1C 00 00 FC 12 00 00 98 03 00 00 70 03 00 00 00 00 27 00 00 00 7F D8
FRAME A5 5A 01 01 8D 01 16 00 70 1C 00 00 FC 12 00 00 98 03 00 00 78 00 00 00 00 00 27 00 00 00 92 39
FRAME A5 5A 01 01 8E 01 16 00 CA 1C 00 00 FC 12 00 00 98 03 00 00 78 00 00 00 00 00 27 00 00 00 08 79
FRAME A5 5A 01 01 8F 01 16 00 24 1D 00 00 FC 12 00 00 98 03 00 00 78 00 00 00 00 00 27 00 00 00 61 9D
FRAME A5 5A 01 01 90 01 16 00 7E 1D 00 00 FC 12 00 00 98 03 00 00 78 00 00 00 00 00 28 00 00 00 AD 30
FRAME A5 5A 01 01 91 01 16 00 D8 1D 00 00 FC 12 00 00 98 03 00 00 78 00 00 00 00 00 28 00 00 00 19 97
STAT boot=1
STAT wd_resets=0
STAT frames=401
STAT seq=402
STAT uptime_ms=40000
FRAME A5 5A 01 01 92 01 16 00 32 1E 00 00 FC 12 00 00 98 03 00 00 78 00 00 00 00 00 28 00 00 00 E5 DD
FRAME A5 5A 01 01 93 01 16 00 8C 1E 00 00 FC 12 00 00 98 03 00 00 78 00 00 00 00 00 28 00 00 00 C9 D1
FRAME A5 5A 01 01 94 01 16 00 E6 1E 00 00 FC 12 00 00 98 03 00 00 78 00 00 00 00 00 28 00 00 00 6B FF
FRAME A5 5A 01 01 95 01 16 00 40 1F 00 00 FC 12 00 00 1C 0C 00 00 78 00 00 00 00 00 28 00 00 00 5F 02
FRAME A5 5A 01 01 96 01 16 00 9A 1F 00 00 FC 12 00 00 98 03 00 00 78 00 00 00 00 00 28 00 00 00 33 E7
FRAME A5 5A 01 01 97 01 16 00 F4 1F 00 00 FC 12 00 00 98 03 00 00 78 00 00 00 00 00 28 00 00 00 C2 BA
FRAME A5 5A 01 01 98 01 16 00 4E 20 00 00 FC 12 00 00 98 03 00 00 78 00 00 00 00 00 28 00 00 00 BD B6
FRAME A5 5A 01 01 99 01 16 00 38 18 00 00 FC 12 00 00 98 03 00 00 78 00 00 00 00 00 28 00 00 00 68 FB
FRAME A5 5A 01 01 9A 01 16 00 92 18 00 00 FC 12 00 00 98 03 00 00 78 00 00 00 00 00 29 00 00 00 E2 4A
FRAME A5 5A 01 01 9B 01 16 00 EC 18 00 00 FC 12 00 00 98 03 00 00 78 00 00 00 00 00 29 00 00 00 02 1A
STAT boot=1
STAT wd_resets=0
STAT frames=411
STAT seq=412
STAT uptime_ms=41000
FRAME A5 5A 01 01 9C 01 16 00 46 19 00 00 FC 12 00 00 98 03 00 00 78 00 00 00 00 00 29 00 00 00 7C B9
FRAME A5 5A 01 01 9D 01 16 00 A0 19 00 00 FC 12 00 00 98 03 00 00 78 00 00 00 00 00 29 00 00 00 8C 2A
FRAME A5 5A 01 01 9E 01 16 00 FA 19 00 00 FC 12 00 00 98 03 00 00 70 03 00 00 01 00 29 00 00 00 6C E7
FRAME A5 5A 01 01 9F 01 16 00 54 1A 00 00 FC 12 00 00 98 03 00 00 78 00 00 00 00 00 29 00 00 00 F6 1E
FRAME A5 5A 01 01 A0 01 16 00 AE 1A 00 00 FC 12 00 00 98 03 00 00 78 00 00 00 00 00 29 00 00 00 B8 6A
FRAME A5 5A 01 01 A1 01 16 00 08 1B 00 00 FC 12 00 00 98 03 00 00 78 00 00 00 00 00 29 00 00 00 1C 1C
FRAME A5 5A 01 01 A2 01 16 00 62 1B 00 00 FC 12 00 00 98 03 00 00 78 00 00 00 00 00 29 00 00 00 5B 0D
FRAME A5 5A 01 01 A3 01 16 00 BC 1B 00 00 FC 12 00 00 98 03 00 00 78 00 00 00 00 00 29 00 00 00 11 2F
FRAME A5 5A 01 01 A4 01 16 00 16 1C 00 00 FC 12 00 00 1C 0C 00 00 78 00 00 00 00 00 2A 00 00 00 99 25
FRAME A5 5A 01 01 A5 01 16 00 70 1C 00 00 FC 12 00 00 98 03 00 00 78 00 00 00 00 00 2A 00 00 00 71 55
STAT boot=1
STAT wd_resets=0
STAT frames=421
STAT seq=422
STAT uptime_ms=42000
FRAME A5 5A 01 01 A6 01 16 00 CA 1C 00 00 FC 12 00 00 98 03 00 00 78 00 00 00 00 00 2A 00 00 00 EB 15
FRAME A5 5A 01 01 A7 01 16 00 24 1D 00 00 FC 12 00 00 98 03 00 00 78 00 00 00 00 00 2A 00 00 00 82 F1
FRAME A5 5A 01 01 A8 01 16 00 7E 1D 00 00 FC 12 00 00 98 03 00 00 78 00 00 00 00 00 2A 00 00 00 D9 B7
FRAME A5 5A 01 01 A9 01 16 00 D8 1D 00 00 FC 12 00 00 98 03 00 00 78 00 00 00 00 00 2A 00 00 00 6D 10
FRAME A5 5A 01 01 AA 01 16 00 32 1E 00 00 FC 12 00 00 98 03 00 00 78 00 00 00 00 00 2A 00 00 00 91 5A
FRAME A5 5A 01 01 AB 01 16 00 8C 1E 00 00 FC 12 00 00 98 03 00 00 78 00 00 00 00 00 2A 00 00 00 BD 56
FRAME A5 5A 01 01 AC 01 16 00 E6 1E 00 00 FC 12 00 00 98 03 00 00 78 00 00 00 00 00 2A 00 00 00 1F 78
FRAME A5 5A 01 01 AD 01 16 00 40 1F 00 00 FC 12 00 00 98 03 00 00 78 00 00 00 00 00 2A 00 00 00 BB 0E
FRAME A5 5A 01 01 AE 01 16 00 9A 1F 00 00 FC 12 00 00 98 03 00 00 78 00 00 00 00 00 2B 00 00 00 46 9C
FRAME A5 5A 01 01 AF 01 16 00 F4 1F 00 00 FC 12 00 00 98 03 00 00 78 00 00 00 00 00 2B 00 00 00 B7 C1
STAT boot=1
STAT wd_resets=0
STAT frames=431
STAT seq=432
STAT uptime_ms=43000
FRAME A5 5A 01 01 B0 01 16 00 4E 20 00 00 FC 12 00 00 98 03 00 00 70 03 00 00 00 00 2B 00 00 00 C9 28
FRAME A5 5A 01 01 B1 01 16 00 38 18 00 00 FC 12 00 00 98 03 00 00 78 00 00 00 00 00 2B 00 00 00 89 7F
FRAME A5 5A 01 01 B2 01 16 00 92 18 00 00 FC 12 00 00 98 03 00 00 78 00 00 00 00 00 2B 00 00 00 02 32
FRAME A5 5A 01 01 B3 01 16 00 EC 18 00 00 FC 12 00 00 1C 0C 00 00 78 00 00 00 00 00 2B 00 00 00 72 E9
FRAME A5 5A 01 01 B4 01 16 00 46 19 00 00 FC 12 00 00 98 03 00 00 78 00 00 00 00 00 2B 00 00 00 9C C1
FRAME A5 5A 01 01 B5 01 16 00 A0 19 00 00 FC 12 00 00 98 03 00 00 78 00 00 00 01 00 2B 00 00 00 6D 83
FRAME A5 5A 01 01 B6 01 16 00 FA 19 00 00 FC 12 00 00 98 03 00 00 78 00 00 00 00 00 2B 00 00 00 18 54
FRAME A5 5A 01 01 B7 01 16 00 54 1A 00 00 FC 12 00 00 98 03 00 00 78 00 00 00 00 00 2B 00 00 00 16 66
FRAME A5 5A 01 01 B8 01 16 00 AE 1A 00 00 FC 12 00 00 98 03 00 00 78 00 00 00 00 00 2C 00 00 00 E6 26
FRAME A5 5A 01 01 B9 01 16 00 08 1B 00 00 FC 12 00 00 98 03 00 00 78 00 00 00 00 00 2C 00 00 00 42 50
STAT boot=1
STAT wd_resets=0
STAT frames=441
STAT seq=442
STAT uptime_ms=44000
FRAME A5 5A 01 01 BA 01 16 00 62 1B 00 00 FC 12 00 00 98 03 00 00 78 00 00 00 00 00 2C 00 00 00 05 41
FRAME A5 5A 01 01 BB 01 16 00 BC 1B 00 00 FC 12 00 00 98 03 00 00 78 00 00 00 00 00 2C 00 00 00 4F 63
FRAME A5 5A 01 01 BC 01 16 00 16 1C 00 00 FC 12 00 00 98 03 00 00 78 00 00 00 00 00 2C 00 00 00 57 A6
FRAME A5 5A 01 01 BD 01 16 00 70 1C 00 00 FC 12 00 00 98 03 00 00 78 00 00 00 00 00 2C 00 00 00 2F 5D
FRAME A5 5A 01 01 BE 01 16 00 CA 1C 00 00 FC 12 00 00 98 03 00 00 78 00 00 00 00 00 2C 00 00 00 B5 1D
FRAME A5 5A 01 01 BF 01 16 00 24 1D 00 00 FC 12 00 00 98 03 00 00 78 00 00 00 00 00 2C 00 00 00 DC F9
FRAME A5 5A 01 01 C0 01 16 00 7E 1D 00 00 FC 12 00 00 98 03 00 00 78 00 00 00 00 00 2C 00 00 00 6D C1
FRAME A5 5A 01 01 C1 01 16 00 D8 1D 00 00 FC 12 00 00 98 03 00 00 78 00 00 00 00 00 2C 00 00 00 D9 66
FRAME A5 5A 01 01 C2 01 16 00 32 1E 00 00 FC 12 00 00 1C 0C 00 00 70 03 00 00 00 00 2D 00 00 00 21 41
FRAME A5 5A 01 01 C3 01 16 00 8C 1E 00 00 FC 12 00 00 98 03 00 00 78 00 00 00 00 00 2D 00 00 00 08 DC
STAT boot=1
STAT wd_resets=0
STAT frames=451
STAT seq=452
STAT uptime_ms=45000
FRAME A5 5A 01 01 C4 01 16 00 E6 1E 00 00 FC 12 00 00 98 03 00 00 78 00 00 00 00 00 2D 00 00 00 AA F2
FRAME A5 5A 01 01 C5 01 16 00 40 1F 00 00 FC 12 00 00 98 03 00 00 78 00 00 00 00 00 2D 00 00 00 0E 84
FRAME A5 5A 01 01 C6 01 16 00 9A 1F 00 00 FC 12 00 00 98 03 00 00 78 00 00 00 00 00 2D 00 00 00 F2 EA
FRAME A5 5A 01 01 C7 01 16 00 F4 1F 00 00 FC 12 00 00 98 03 00 00 78 00 00 00 00 00 2D 00 00 00 03 B7
FRAME A5 5A 01 01 C8 01 16 00 4E 20 00 00 FC 12 00 00 98 03 00 00 78 00 00 00 00 00 2D 00 00 00 7C BB
FRAME A5 5A 01 01 C9 01 16 00 38 18 00 00 FC 12 00 00 98 03 00 00 78 00 00 00 00 00 2D 00 00 00 A9 F6
FRAME A5 5A 01 01 CA 01 16 00 92 18 00 00 FC 12 00 00 98 03 00 00 78 00 00 00 00 00 2D 00 00 00 22 BB
FRAME A5 5A 01 01 CB 01 16 00 EC 18 00 00 FC 12 00 00 98 03 00 00 78 00 00 00 00 00 2D 00 00 00 C2 EB
FRAME A5 5A 01 01 CC 01 16 00 46 19 00 00 FC 12 00 00 98 03 00 00 78 00 00 00 01 00 2E 00 00 00 BD DD
FRAME A5 5A 01 01 CD 01 16 00 A0 19 00 00 FC 12 00 00 98 03 00 00 78 00 00 00 00 00 2E 00 00 00 4C 9F
STAT boot=1
STAT wd_resets=0
STAT frames=461
STAT seq=462
STAT uptime_ms=46000
FRAME A5 5A 01 01 CE 01 16 00 FA 19 00 00 FC 12 00 00 98 03 00 00 78 00 00 00 00 00 2E 00 00 00 38 99
FRAME A5 5A 01 01 CF 01 16 00 54 1A 00 00 FC 12 00 00 98 03 00 00 78 00 00 00 00 00 2E 00 00 00 36 AB
FRAME A5 5A 01 01 D0 01 16 00 AE 1A 00 00 FC 12 00 00 98 03 00 00 78 00 00 00 00 00 2E 00 00 00 53 60
FRAME A5 5A 01 01 D1 01 16 00 08 1B 00 00 FC 12 00 00 1C 0C 00 00 78 00 00 00 00 00 2E 00 00 00 67 9D
FRAME A5 5A 01 01 D2 01 16 00 62 1B 00 00 FC 12 00 00 98 03 00 00 78 00 00 00 00 00 2E 00 00 00 B0 07
FRAME A5 5A 01 01 D3 01 16 00 BC 1B 00 00 FC 12 00 00 98 03 00 00 78 00 00 00 00 00 2E 00 00 00 FA 25
FRAME A5 5A 01 01 D4 01 16 00 16 1C 00 00 FC 12 00 00 98 03 00 00 70 03 00 00 00 00 2E 00 00 00 77 FA
FRAME A5 5A 01 01 D5 01 16 00 70 1C 00 00 FC 12 00 00 98 03 00 00 78 00 00 00 00 00 2E 00 00 00 9A 1B
FRAME A5 5A 01 01 D6 01 16 00 CA 1C 00 00 FC 12 00 00 98 03 00 00 78 00 00 00 00 00 2F 00 00 00 01 A7
FRAME A5 5A 01 01 D7 01 16 00 24 1D 00 00 FC 12 00 00 98 03 00 00 78 00 00 00 00 00 2F 00 00 00 68 43
STAT boot=1
STAT wd_resets=0
STAT frames=471
STAT seq=472
STAT uptime_ms=47000
FRAME A5 5A 01 01 D8 01 16 00 7E 1D 00 00 FC 12 00 00 98 03 00 00 78 00 00 00 00 00 2F 00 00 00 33 05
FRAME A5 5A 01 01 D9 01 16 00 D8 1D 00 00 FC 12 00 00 98 03 00 00 78 00 00 00 00 00 2F 00 00 00 87 A2
FRAME A5 5A 01 01 DA 01 16 00 32 1E 00 00 FC 12 00 00 98 03 00 00 78 00 00 00 00 00 2F 00 00 00 7B E8
FRAME A5 5A 01 01 DB 01 16 00 8C 1E 00 00 FC 12 00 00 98 03 00 00 78 00 00 00 00 00 2F 00 00 00 57 E4
FRAME A5 5A 01 01 DC 01 16 00 E6 1E 00 00 FC 12 00 00 98 03 00 00 78 00 00 00 00 00 2F 00 00 00 F5 CA
FRAME A5 5A 01 01 DD 01 16 00 40 1F 00 00 FC 12 00 00 98 03 00 00 78 00 00 00 00 00 2F 00 00 00 51 BC
FRAME A5 5A 01 01 DE 01 16 00 9A 1F 00 00 FC 12 00 00 98 03 00 00 78 00 00 00 00 00 2F 00 00 00 AD D2
FRAME A5 5A 01 01 DF 01 16 00 F4 1F 00 00 FC 12 00 00 98 03 00 00 78 00 00 00 00 00 2F 00 00 00 5C 8F
FRAME A5 5A 01 01 E0 01 16 00 4E 20 00 00 FC 12 00 00 1C 0C 00 00 78 00 00 00 00 00 30 00 00 00 0B 9C
FRAME A5 5A 01 01 E1 01 16 00 38 18 00 00 FC 12 00 00 98 03 00 00 78 00 00 00 00 00 30 00 00 00 4E 5A
STAT boot=1
STAT wd_resets=0
STAT frames=481
STAT seq=482
STAT uptime_ms=48000
FRAME A5 5A 01 01 E2 01 16 00 92 18 00 00 FC 12 00 00 98 03 00 00 78 00 00 00 00 00 30 00 00 00 C5 17
FRAME A5 5A 01 01 E3 01 16 00 EC 18 00 00 FC 12 00 00 98 03 00 00 78 00 00 00 01 00 30 00 00 00 24 96
FRAME A5 5A 01 01 E4 01 16 00 46 19 00 00 FC 12 00 00 98 03 00 00 78 00 00 00 00 00 30 00 00 00 5B E4
FRAME A5 5A 01 01 E5 01 16 00 A0 19 00 00 FC 12 00 00 98 03 00 00 78 00 00 00 00 00 30 00 00 00 AB 77
FRAME A5 5A 01 01 E6 01 16 00 FA 19 00 00 FC 12 00 00 98 03 00 00 70 03 00 00 00 00 30 00 00 00 4A 6B
FRAME A5 5A 01 01 E7 01 16 00 54 1A 00 00 FC 12 00 00 98 03 00 00 78 00 00 00 00 00 30 00 00 00 D1 43
FRAME A5 5A 01 01 E8 01 16 00 AE 1A 00 00 FC 12 00 00 98 03 00 00 78 00 00 00 00 00 30 00 00 00 20 77
FRAME A5 5A 01 01 E9 01 16 00 08 1B 00 00 FC 12 00 00 98 03 00 00 78 00 00 00 00 00 30 00 00 00 84 01
FRAME A5 5A 01 01 EA 01 16 00 62 1B 00 00 FC 12 00 00 98 03 00 00 78 00 00 00 00 00 31 00 00 00 C2 EC
FRAME A5 5A 01 01 EB 01 16 00 BC 1B 00 00 FC 12 00 00 98 03 00 00 78 00 00 00 00 00 31 00 00 00 88 CE
STAT boot=1
STAT wd_resets=0
STAT frames=491
STAT seq=492
STAT uptime_ms=49000
FRAME A5 5A 01 01 EC 01 16 00 16 1C 00 00 FC 12 00 00 98 03 00 00 78 00 00 00 00 00 31 00 00 00 90 0B
FRAME A5 5A 01 01 ED 01 16 00 70 1C 00 00 FC 12 00 00 98 03 00 00 78 00 00 00 00 00 31 00 00 00 E8 F0
FRAME A5 5A 01 01 EE 01 16 00 CA 1C 00 00 FC 12 00 00 98 03 00 00 78 00 00 00 00 00 31 00 00 00 72 B0
FRAME A5 5A 01 01 EF 01 16 00 24 1D 00 00 FC 12 00 00 1C 0C 00 00 78 00 00 00 00 00 31 00 00 00 8B DF
FRAME A5 5A 01 01 F0 01 16 00 7E 1D 00 00 FC 12 00 00 98 03 00 00 78 00 00 00 00 00 31 00 00 00 D4 ED
FRAME A5 5A 01 01 F1 01 16 00 D8 1D 00 00 FC 12 00 00 98 03 00 00 78 00 00 00 00 00 31 00 00 00 60 4A
FRAME A5 5A 01 01 F2 01 16 00 32 1E 00 00 FC 12 00 00 98 03 00 00 78 00 00 00 00 00 31 00 00 00 9C 00
FRAME A5 5A 01 01 F3 01 16 00 8C 1E 00 00 FC 12 00 00 98 03 00 00 78 00 00 00 00 00 31 00 00 00 B0 0C
FRAME A5 5A 01 01 F4 01 16 00 E6 1E 00 00 FC 12 00 00 98 03 00 00 78 00 00 00 00 00 32 00 00 00 12 66
FRAME A5 5A 01 01 F5 01 16 00 40 1F 00 00 FC 12 00 00 98 03 00 00 78 00 00 00 00 00 32 00 00 00 B6 10
STAT boot=1
STAT wd_resets=0
STAT frames=501
STAT seq=502
STAT uptime_ms=50000
FRAME A5 5A 01 01 F6 01 16 00 9A 1F 00 00 FC 12 00 00 98 03 00 00 78 00 00 00 00 00 32 00 00 00 4A 7E
FRAME A5 5A 01 01 F7 01 16 00 F4 1F 00 00 FC 12 00 00 98 03 00 00 78 00 00 00 00 00 32 00 00 00 BB 23
FRAME A5 5A 01 01 F8 01 16 00 4E 20 00 00 FC 12 00 00 98 03 00 00 70 03 00 00 00 00 32 00 00 00 51 35
FRAME A5 5A 01 01 F9 01 16 00 38 18 00 00 FC 12 00 00 98 03 00 00 78 00 00 00 00 00 32 00 00 00 11 62
FRAME A5 5A 01 01 FA 01 16 00 92 18 00 00 FC 12 00 00 98 03 00 00 78 00 00 00 01 00 32 00 00 00 9B FE
FRAME A5 5A 01 01 FB 01 16 00 EC 18 00 00 FC 12 00 00 98 03 00 00 78 00 00 00 00 00 32 00 00 00 7A 7F
FRAME A5 5A 01 01 FC 01 16 00 46 19 00 00 FC 12 00 00 98 03 00 00 78 00 00 00 00 00 32 00 00 00 04 DC
FRAME A5 5A 01 01 FD 01 16 00 A0 19 00 00 FC 12 00 00 98 03 00 00 78 00 00 00 00 00 32 00 00 00 F4 4F
FRAME A5 5A 01 01 FE 01 16 00 FA 19 00 00 FC 12 00 00 1C 0C 00 00 78 00 00 00 00 00 33 00 00 00 11 3E
FRAME A5 5A 01 01 FF 01 16 00 54 1A 00 00 FC 12 00 00 98 03 00 00 78 00 00 00 00 00 33 00 00 00 8F 87
STAT boot=1
STAT wd_resets=0
STAT frames=511
STAT seq=512
STAT uptime_ms=51000
FRAME A5 5A 01 01 00 02 16 00 AE 1A 00 00 FC 12 00 00 98 03 00 00 78 00 00 00 00 00 33 00 00 00 C1 FA
FRAME A5 5A 01 01 01 02 16 00 08 1B 00 00 FC 12 00 00 98 03 00 00 78 00 00 00 00 00 33 00 00 00 65 8C
FRAME A5 5A 01 01 02 02 16 00 62 1B 00 00 FC 12 00 00 98 03 00 00 78 00 00 00 00 00 33 00 00 00 22 9D
FRAME A5 5A 01 01 03 02 16 00 BC 1B 00 00 FC 12 00 00 98 03 00 00 78 00 00 00 00 00 33 00 00 00 68 BF
FRAME A5 5A 01 01 04 02 16 00 16 1C 00 00 FC 12 00 00 98 03 00 00 78 00 00 00 00 00 33 00 00 00 70 7A
FRAME A5 5A 01 01 05 02 16 00 70 1C 00 00 FC 12 00 00 98 03 00 00 78 00 00 00 00 00 33 00 00 00 08 81
FRAME A5 5A 01 01 06 02 16 00 CA 1C 00 00 FC 12 00 00 98 03 00 00 78 00 00 00 00 00 33 00 00 00 92 C1
FRAME A5 5A 01 01 07 02 16 00 24 1D 00 00 FC 12 00 00 98 03 00 00 78 00 00 00 00 00 33 00 00 00 FB 25
FRAME A5 5A 01 01 08 02 16 00 7E 1D 00 00 FC 12 00 00 98 03 00 00 78 00 00 00 00 00 34 00 00 00 A1 17
FRAME A5 5A 01 01 09 02 16 00 D8 1D 00 00 FC 12 00 00 98 03 00 00 78 00 00 00 00 00 34 00 00 00 15 B0
STAT boot=1
STAT wd_resets=0
STAT frames=521
STAT seq=522
STAT uptime_ms=52000
FRAME A5 5A 01 01 0A 02 16 00 32 1E 00 00 FC 12 00 00 98 03 00 00 70 03 00 00 00 00 34 00 00 00 7C E0
FRAME A5 5A 01 01 0B 02 16 00 8C 1E 00 00 FC 12 00 00 98 03 00 00 78 00 00 00 00 00 34 00 00 00 C5 F6
FRAME A5 5A 01 01 0C 02 16 00 E6 1E 00 00 FC 12 00 00 98 03 00 00 78 00 00 00 00 00 34 00 00 00 67 D8
FRAME A5 5A 01 01 0D 02 16 00 40 1F 00 00 FC 12 00 00 1C 0C 00 00 78 00 00 00 00 00 34 00 00 00 53 25
FRAME A5 5A 01 01 0E 02 16 00 9A 1F 00 00 FC 12 00 00 98 03 00 00 78 00 00 00 00 00 34 00 00 00 3F C0
FRAME A5 5A 01 01 0F 02 16 00 F4 1F 00 00 FC 12 00 00 98 03 00 00 78 00 00 00 00 00 34 00 00 00 CE 9D
FRAME A5 5A 01 01 10 02 16 00 4E 20 00 00 FC 12 00 00 98 03 00 00 78 00 00 00 00 00 34 00 00 00 25 6E
FRAME A5 5A 01 01 11 02 16 00 38 18 00 00 FC 12 00 00 98 03 00 00 78 00 00 00 01 00 34 00 00 00 F1 F2
FRAME A5 5A 01 01 12 02 16 00 92 18 00 00 FC 12 00 00 98 03 00 00 78 00 00 00 00 00 35 00 00 00 7A 92
FRAME A5 5A 01 01 13 02 16 00 EC 18 00 00 FC 12 00 00 98 03 00 00 78 00 00 00 00 00 35 00 00 00 9A C2
STAT boot=1
STAT wd_resets=0
STAT frames=531
STAT seq=532
STAT uptime_ms=53000
FRAME A5 5A 01 01 14 02 16 00 46 19 00 00 FC 12 00 00 98 03 00 00 78 00 00 00 00 00 35 00 00 00 E4 61
FRAME A5 5A 01 01 15 02 16 00 A0 19 00 00 FC 12 00 00 98 03 00 00 78 00 00 00 00 00 35 00 00 00 14 F2
FRAME A5 5A 01 01 16 02 16 00 FA 19 00 00 FC 12 00 00 98 03 00 00 78 00 00 00 00 00 35 00 00 00 60 F4
FRAME A5 5A 01 01 17 02 16 00 54 1A 00 00 FC 12 00 00 98 03 00 00 78 00 00 00 00 00 35 00 00 00 6E C6
FRAME A5 5A 01 01 18 02 16 00 AE 1A 00 00 FC 12 00 00 98 03 00 00 78 00 00 00 00 00 35 00 00 00 9F F2
FRAME A5 5A 01 01 19 02 16 00 08 1B 00 00 FC 12 00 00 98 03 00 00 78 00 00 00 00 00 35 00 00 00 3B 84
FRAME A5 5A 01 01 1A 02 16 00 62 1B 00 00 FC 12 00 00 98 03 00 00 78 00 00 00 00 00 35 00 00 00 7C 95
FRAME A5 5A 01 01 1B 02 16 00 BC 1B 00 00 FC 12 00 00 98 03 00 00 78 00 00 00 00 00 35 00 00 00 36 B7
FRAME A5 5A 01 01 1C 02 16 00 16 1C 00 00 FC 12 00 00 1C 0C 00 00 70 03 00 00 00 00 36 00 00 00 2B A7
FRAME A5 5A 01 01 1D 02 16 00 70 1C 00 00 FC 12 00 00 98 03 00 00 78 00 00 00 00 00 36 00 00 00 56 CD
STAT boot=1
STAT wd_resets=0
STAT frames=541
STAT seq=542
STAT uptime_ms=54000
FRAME A5 5A 01 01 1E 02 16 00 CA 1C 00 00 FC 12 00 00 98 03 00 00 78 00 00 00 00 00 36 00 00 00 CC 8D
FRAME A5 5A 01 01 1F 02 16 00 24 1D 00 00 FC 12 00 00 98 03 00 00 78 00 00 00 00 00 36 00 00 00 A5 69
FRAME A5 5A 01 01 20 02 16 00 7E 1D 00 00 FC 12 00 00 98 03 00 00 78 00 00 00 00 00 36 00 00 00 41 6F
FRAME A5 5A 01 01 21 02 16 00 D8 1D 00 00 FC 12 00 00 98 03 00 00 78 00 00 00 00 00 36 00 00 00 F5 C8
FRAME A5 5A 01 01 22 02 16 00 32 1E 00 00 FC 12 00 00 98 03 00 00 78 00 00 00 00 00 36 00 00 00 09 82
FRAME A5 5A 01 01 23 02 16 00 8C 1E 00 00 FC 12 00 00 98 03 00 00 78 00 00 00 00 00 36 00 00 00 25 8E
FRAME A5 5A 01 01 24 02 16 00 E6 1E 00 00 FC 12 00 00 98 03 00 00 78 00 00 00 00 00 36 00 00 00 87 A0
FRAME A5 5A 01 01 25 02 16 00 40 1F 00 00 FC 12 00 00 98 03 00 00 78 00 00 00 00 00 36 00 00 00 23 D6
FRAME A5 5A 01 01 26 02 16 00 9A 1F 00 00 FC 12 00 00 98 03 00 00 78 00 00 00 00 00 37 00 00 00 DE 44
FRAME A5 5A 01 01 27 02 16 00 F4 1F 00 00 FC 12 00 00 98 03 00 00 78 00 00 00 00 00 37 00 00 00 2F 19
STAT boot=1
STAT wd_resets=0
STAT frames=551
STAT seq=552
STAT uptime_ms=55000
FRAME A5 5A 01 01 28 02 16 00 4E 20 00 00 FC 12 00 00 98 03 00 00 78 00 00 00 01 00 37 00 00 00 51 C4
FRAME A5 5A 01 01 29 02 16 00 38 18 00 00 FC 12 00 00 98 03 00 00 78 00 00 00 00 00 37 00 00 00 85 58
FRAME A5 5A 01 01 2A 02 16 00 92 18 00 00 FC 12 00 00 98 03 00 00 78 00 00 00 00 00 37 00 00 00 0E 15
FRAME A5 5A 01 01 2B 02 16 00 EC 18 00 00 FC 12 00 00 1C 0C 00 00 78 00 00 00 00 00 37 00 00 00 7E CE
FRAME A5 5A 01 01 2C 02 16 00 46 19 00 00 FC 12 00 00 98 03 00 00 78 00 00 00 00 00 37 00 00 00 90 E6
FRAME A5 5A 01 01 2D 02 16 00 A0 19 00 00 FC 12 00 00 98 03 00 00 78 00 00 00 00 00 37 00 00 00 60 75
FRAME A5 5A 01 01 2E 02 16 00 FA 19 00 00 FC 12 00 00 98 03 00 00 70 03 00 00 00 00 37 00 00 00 81 69
FRAME A5 5A 01 01 2F 02 16 00 54 1A 00 00 FC 12 00 00 98 03 00 00 78 00 00 00 00 00 37 00 00 00 1A 41
FRAME A5 5A 01 01 30 02 16 00 AE 1A 00 00 FC 12 00 00 98 03 00 00 78 00 00 00 00 00 38 00 00 00 7C 9E
FRAME A5 5A 01 01 31 02 16 00 08 1B 00 00 FC 12 00 00 98 03 00 00 78 00 00 00 00 00 38 00 00 00 D8 E8
STAT boot=1
STAT wd_resets=0
STAT frames=561
STAT seq=562
STAT uptime_ms=56000
FRAME A5 5A 01 01 32 02 16 00 62 1B 00 00 FC 12 00 00 98 03 00 00 78 00 00 00 00 00 38 00 00 00 9F F9
FRAME A5 5A 01 01 33 02 16 00 BC 1B 00 00 FC 12 00 00 98 03 00 00 78 00 00 00 00 00 38 00 00 00 D5 DB
FRAME A5 5A 01 01 34 02 16 00 16 1C 00 00 FC 12 00 00 98 03 00 00 78 00 00 00 00 00 38 00 00 00 CD 1E
FRAME A5 5A 01 01 35 02 16 00 70 1C 00 00 FC 12 00 00 98 03 00 00 78 00 00 00 00 00 38 00 00 00 B5 E5
FRAME A5 5A 01 01 36 02 16 00 CA 1C 00 00 FC 12 00 00 98 03 00 00 78 00 00 00 00 00 38 00 00 00 2F A5
FRAME A5 5A 01 01 37 02 16 00 24 1D 00 00 FC 12 00 00 98 03 00 00 78 00 00 00 00 00 38 00 00 00 46 41
FRAME A5 5A 01 01 38 02 16 00 7E 1D 00 00 FC 12 00 00 98 03 00 00 78 00 00 00 00 00 38 00 00 00 1D 07
FRAME A5 5A 01 01 39 02 16 00 D8 1D 00 00 FC 12 00 00 98 03 00 00 78 00 00 00 00 00 38 00 00 00 A9 A0
FRAME A5 5A 01 01 3A 02 16 00 32 1E 00 00 FC 12 00 00 1C 0C 00 00 78 00 00 00 00 00 39 00 00 00 C4 9D
FRAME A5 5A 01 01 3B 02 16 00 8C 1E 00 00 FC 12 00 00 98 03 00 00 78 00 00 00 00 00 39 00 00 00 78 1A
STAT boot=1
STAT wd_resets=0
STAT frames=571
STAT seq=572
STAT uptime_ms=57000
FRAME A5 5A 01 01 3C 02 16 00 E6 1E 00 00 FC 12 00 00 98 03 00 00 78 00 00 00 00 00 39 00 00 00 DA 34
FRAME A5 5A 01 01 3D 02 16 00 40 1F 00 00 FC 12 00 00 98 03 00 00 78 00 00 00 00 00 39 00 00 00 7E 42
FRAME A5 5A 01 01 3E 02 16 00 9A 1F 00 00 FC 12 00 00 98 03 00 00 78 00 00 00 00 00 39 00 00 00 82 2C
FRAME A5 5A 01 01 3F 02 16 00 F4 1F 00 00 FC 12 00 00 98 03 00 00 78 00 00 00 01 00 39 00 00 00 72 A0
FRAME A5 5A 01 01 40 02 16 00 4E 20 00 00 FC 12 00 00 98 03 00 00 70 03 00 00 00 00 39 00 00 00 73 19
FRAME A5 5A 01 01 41 02 16 00 38 18 00 00 FC 12 00 00 98 03 00 00 78 00 00 00 00 00 39 00 00 00 33 4E
FRAME A5 5A 01 01 42 02 16 00 92 18 00 00 FC 12 00 00 98 03 00 00 78 00 00 00 00 00 39 00 00 00 B8 03
FRAME A5 5A 01 01 43 02 16 00 EC 18 00 00 FC 12 00 00 98 03 00 00 78 00 00 00 00 00 39 00 00 00 58 53
FRAME A5 5A 01 01 44 02 16 00 46 19 00 00 FC 12 00 00 98 03 00 00 78 00 00 00 00 00 3A 00 00 00 26 B4
FRAME A5 5A 01 01 45 02 16 00 A0 19 00 00 FC 12 00 00 98 03 00 00 78 00 00 00 00 00 3A 00 00 00 D6 27
STAT boot=1
STAT wd_resets=0
STAT frames=581
STAT seq=582
STAT uptime_ms=58000
FRAME A5 5A 01 01 46 02 16 00 FA 19 00 00 FC 12 00 00 98 03 00 00 78 00 00 00 00 00 3A 00 00 00 A2 21
FRAME A5 5A 01 01 47 02 16 00 54 1A 00 00 FC 12 00 00 98 03 00 00 78 00 00 00 00 00 3A 00 00 00 AC 13
FRAME A5 5A 01 01 48 02 16 00 AE 1A 00 00 FC 12 00 00 98 03 00 00 78 00 00 00 00 00 3A 00 00 00 5D 27
FRAME A5 5A 01 01 49 02 16 00 08 1B 00 00 FC 12 00 00 1C 0C 00 00 78 00 00 00 00 00 3A 00 00 00 69 DA
FRAME A5 5A 01 01 4A 02 16 00 62 1B 00 00 FC 12 00 00 98 03 00 00 78 00 00 00 00 00 3A 00 00 00 BE 40
FRAME A5 5A 01 01 4B 02 16 00 BC 1B 00 00 FC 12 00 00 98 03 00 00 78 00 00 00 00 00 3A 00 00 00 F4 62
FRAME A5 5A 01 01 4C 02 16 00 16 1C 00 00 FC 12 00 00 98 03 00 00 78 00 00 00 00 00 3A 00 00 00 EC A7
FRAME A5 5A 01 01 4D 02 16 00 70 1C 00 00 FC 12 00 00 98 03 00 00 78 00 00 00 00 00 3A 00 00 00 94 5C
FRAME A5 5A 01 01 4E 02 16 00 CA 1C 00 00 FC 12 00 00 98 03 00 00 78 00 00 00 00 00 3B 00 00 00 0F E0
FRAME A5 5A 01 01 4F 02 16 00 24 1D 00 00 FC 12 00 00 98 03 00 00 78 00 00 00 00 00 3B 00 00 00 66 04
STAT boot=1
STAT wd_resets=0
STAT frames=591
STAT seq=592
STAT uptime_ms=59000
FRAME A5 5A 01 01 50 02 16 00 7E 1D 00 00 FC 12 00 00 98 03 00 00 78 00 00 00 00 00 3B 00 00 00 A9 BD
FRAME A5 5A 01 01 51 02 16 00 D8 1D 00 00 FC 12 00 00 98 03 00 00 78 00 00 00 00 00 3B 00 00 00 1D 1A
FRAME A5 5A 01 01 52 02 16 00 32 1E 00 00 FC 12 00 00 98 03 00 00 70 03 00 00 00 00 3B 00 00 00 74 4A
FRAME A5 5A 01 01 53 02 16 00 8C 1E 00 00 FC 12 00 00 98 03 00 00 78 00 00 00 00 00 3B 00 00 00 CD 5C
FRAME A5 5A 01 01 54 02 16 00 E6 1E 00 00 FC 12 00 00 98 03 00 00 78 00 00 00 00 00 3B 00 00 00 6F 72
FRAME A5 5A 01 01 55 02 16 00 40 1F 00 00 FC 12 00 00 98 03 00 00 78 00 00 00 00 00 3B 00 00 00 CB 04
FRAME A5 5A 01 01 56 02 16 00 9A 1F 00 00 FC 12 00 00 98 03 00 00 78 00 00 00 01 00 3B 00 00 00 36 BB
FRAME A5 5A 01 01 57 02 16 00 F4 1F 00 00 FC 12 00 00 98 03 00 00 78 00 00 00 00 00 3B 00 00 00 C6 37
FRAME A5 5A 01 01 58 02 16 00 4E 20 00 00 FC 12 00 00 1C 0C 00 00 78 00 00 00 00 00 3C 00 00 00 28 C4
FRAME A5 5A 01 01 59 02 16 00 38 18 00 00 FC 12 00 00 98 03 00 00 78 00 00 00 00 00 3C 00 00 00 6D 02
STAT boot=1
STAT wd_resets=0
STAT frames=601
STAT seq=602
STAT uptime_ms=60000
FRAME A5 5A 01 01 5A 02 16 00 92 18 00 00 FC 12 00 00 98 03 00 00 78 00 00 00 00 00 3C 00 00 00 E6 4F
FRAME A5 5A 01 01 5B 02 16 00 EC 18 00 00 FC 12 00 00 98 03 00 00 78 00 00 00 00 00 3C 00 00 00 06 1F
FRAME A5 5A 01 01 5C 02 16 00 46 19 00 00 FC 12 00 00 98 03 00 00 78 00 00 00 00 00 3C 00 00 00 78 BC
FRAME A5 5A 01 01 5D 02 16 00 A0 19 00 00 FC 12 00 00 98 03 00 00 78 00 00 00 00 00 3C 00 00 00 88 2F
FRAME A5 5A 01 01 5E 02 16 00 FA 19 00 00 FC 12 00 00 98 03 00 00 78 00 00 00 00 00 3C 00 00 00 FC 29
FRAME A5 5A 01 01 5F 02 16 00 54 1A 00 00 FC 12 00 00 98 03 00 00 78 00 00 00 00 00 3C 00 00 00 F2 1B
FRAME A5 5A 01 01 60 02 16 00 AE 1A 00 00 FC 12 00 00 98 03 00 00 78 00 00 00 00 00 3C 00 00 00 BC 6F
FRAME A5 5A 01 01 61 02 16 00 08 1B 00 00 FC 12 00 00 98 03 00 00 78 00 00 00 00 00 3C 00 00 00 18 19
FRAME A5 5A 01 01 62 02 16 00 62 1B 00 00 FC 12 00 00 98 03 00 00 78 00 00 00 00 00 3D 00 00 00 5E F4
FRAME A5 5A 01 01 63 02 16 00 BC 1B 00 00 FC 12 00 00 98 03 00 00 78 00 00 00 00 00 3D 00 00 00 14 D6
STAT boot=1
STAT wd_resets=0
STAT frames=611
STAT seq=612
STAT uptime_ms=61000
FRAME A5 5A 01 01 64 02 16 00 16 1C 00 00 FC 12 00 00 98 03 00 00 70 03 00 00 00 00 3D 00 00 00 99 09
FRAME A5 5A 01 01 65 02 16 00 70 1C 00 00 FC 12 00 00 98 03 00 00 78 00 00 00 00 00 3D 00 00 00 74 E8
FRAME A5 5A 01 01 66 02 16 00 CA 1C 00 00 FC 12 00 00 98 03 00 00 78 00 00 00 00 00 3D 00 00 00 EE A8
FRAME A5 5A 01 01 67 02 16 00 24 1D 00 00 FC 12 00 00 1C 0C 00 00 78 00 00 00 00 00 3D 00 00 00 17 C7
FRAME A5 5A 01 01 68 02 16 00 7E 1D 00 00 FC 12 00 00 98 03 00 00 78 00 00 00 00 00 3D 00 00 00 DC 0A
FRAME A5 5A 01 01 69 02 16 00 D8 1D 00 00 FC 12 00 00 98 03 00 00 78 00 00 00 00 00 3D 00 00 00 68 AD
FRAME A5 5A 01 01 6A 02 16 00 32 1E 00 00 FC 12 00 00 98 03 00 00 78 00 00 00 00 00 3D 00 00 00 94 E7
FRAME A5 5A 01 01 6B 02 16 00 8C 1E 00 00 FC 12 00 00 98 03 00 00 78 00 00 00 00 00 3D 00 00 00 B8 EB
FRAME A5 5A 01 01 6C 02 16 00 E6 1E 00 00 FC 12 00 00 98 03 00 00 78 00 00 00 00 00 3E 00 00 00 1A 81
FRAME A5 5A 01 01 6D 02 16 00 40 1F 00 00 FC 12 00 00 98 03 00 00 78 00 00 00 01 00 3E 00 00 00 BF 26
STAT boot=1
STAT wd_resets=0
STAT frames=621
STAT seq=622
STAT uptime_ms=62000
FRAME A5 5A 01 01 6E 02 16 00 9A 1F 00 00 FC 12 00 00 98 03 00 00 78 00 00 00 00 00 3E 00 00 00 42 99
FRAME A5 5A 01 01 6F 02 16 00 F4 1F 00 00 FC 12 00 00 98 03 00 00 78 00 00 00 00 00 3E 00 00 00 B3 C4
FRAME A5 5A 01 01 70 02 16 00 4E 20 00 00 FC 12 00 00 98 03 00 00 78 00 00 00 00 00 3E 00 00 00 58 37
FRAME A5 5A 01 01 71 02 16 00 38 18 00 00 FC 12 00 00 98 03 00 00 78 00 00 00 00 00 3E 00 00 00 8D 7A
FRAME A5 5A 01 01 72 02 16 00 92 18 00 00 FC 12 00 00 98 03 00 00 78 00 00 00 00 00 3E 00 00 00 06 37
FRAME A5 5A 01 01 73 02 16 00 EC 18 00 00 FC 12 00 00 98 03 00 00 78 00 00 00 00 00 3E 00 00 00 E6 67
FRAME A5 5A 01 01 74 02 16 00 46 19 00 00 FC 12 00 00 98 03 00 00 78 00 00 00 00 00 3E 00 00 00 98 C4
FRAME A5 5A 01 01 75 02 16 00 A0 19 00 00 FC 12 00 00 98 03 00 00 78 00 00 00 00 00 3E 00 00 00 68 57
FRAME A5 5A 01 01 76 02 16 00 FA 19 00 00 FC 12 00 00 1C 0C 00 00 70 03 00 00 00 00 3F 00 00 00 18 3C
FRAME A5 5A 01 01 77 02 16 00 54 1A 00 00 FC 12 00 00 98 03 00 00 78 00 00 00 00 00 3F 00 00 00 13 9F
STAT boot=1
STAT wd_resets=0
STAT frames=631
STAT seq=632
STAT uptime_ms=63000
FRAME A5 5A 01 01 78 02 16 00 AE 1A 00 00 FC 12 00 00 98 03 00 00 78 00 00 00 00 00 3F 00 00 00 E2 AB
FRAME A5 5A 01 01 79 02 16 00 08 1B 00 00 FC 12 00 00 98 03 00 00 78 00 00 00 00 00 3F 00 00 00 46 DD
FRAME A5 5A 01 01 7A 02 16 00 62 1B 00 00 FC 12 00 00 98 03 00 00 78 00 00 00 00 00 3F 00 00 00 01 CC
FRAME A5 5A 01 01 7B 02 16 00 BC 1B 00 00 FC 12 00 00 98 03 00 00 78 00 00 00 00 00 3F 00 00 00 4B EE
FRAME A5 5A 01 01 7C 02 16 00 16 1C 00 00 FC 12 00 00 98 03 00 00 78 00 00 00 00 00 3F 00 00 00 53 2B
FRAME A5 5A 01 01 7D 02 16 00 70 1C 00 00 FC 12 00 00 98 03 00 00 78 00 00 00 00 00 3F 00 00 00 2B D0
FRAME A5 5A 01 01 7E 02 16 00 CA 1C 00 00 FC 12 00 00 98 03 00 00 78 00 00 00 00 00 3F 00 00 00 B1 90
FRAME A5 5A 01 01 7F 02 16 00 24 1D 00 00 FC 12 00 00 98 03 00 00 78 00 00 00 00 00 3F 00 00 00 D8 74
FRAME A5 5A 01 01 80 02 16 00 7E 1D 00 00 FC 12 00 00 98 03 00 00 78 00 00 00 00 00 40 00 00 00 DA E4
FRAME A5 5A 01 01 81 02 16 00 D8 1D 00 00 FC 12 00 00 98 03 00 00 78 00 00 00 00 00 40 00 00 00 6E 43
STAT boot=1
STAT wd_resets=0
STAT frames=641
STAT seq=642
STAT uptime_ms=64000
FRAME A5 5A 01 01 82 02 16 00 32 1E 00 00 FC 12 00 00 98 03 00 00 78 00 00 00 00 00 40 00 00 00 92 09
FRAME A5 5A 01 01 83 02 16 00 8C 1E 00 00 FC 12 00 00 98 03 00 00 78 00 00 00 00 00 40 00 00 00 BE 05
FRAME A5 5A 01 01 84 02 16 00 E6 1E 00 00 FC 12 00 00 98 03 00 00 78 00 00 00 01 00 40 00 00 00 1D FA
FRAME A5 5A 01 01 85 02 16 00 40 1F 00 00 FC 12 00 00 1C 0C 00 00 78 00 00 00 00 00 40 00 00 00 28 D6
FRAME A5 5A 01 01 86 02 16 00 9A 1F 00 00 FC 12 00 00 98 03 00 00 78 00 00 00 00 00 40 00 00 00 44 33
FRAME A5 5A 01 01 87 02 16 00 F4 1F 00 00 FC 12 00 00 98 03 00 00 78 00 00 00 00 00 40 00 00 00 B5 6E
FRAME A5 5A 01 01 88 02 16 00 4E 20 00 00 FC 12 00 00 98 03 00 00 70 03 00 00 00 00 40 00 00 00 5F 78
FRAME A5 5A 01 01 89 02 16 00 38 18 00 00 FC 12 00 00 98 03 00 00 78 00 00 00 00 00 40 00 00 00 1F 2F
FRAME A5 5A 01 01 8A 02 16 00 92 18 00 00 FC 12 00 00 98 03 00 00 78 00 00 00 00 00 41 00 00 00 95 9E
FRAME A5 5A 01 01 8B 02 16 00 EC 18 00 00 FC 12 00 00 98 03 00 00 78 00 00 00 00 00 41 00 00 00 75 CE
STAT boot=1
STAT wd_resets=0
STAT frames=651
STAT seq=652
STAT uptime_ms=65000
FRAME A5 5A 01 01 8C 02 16 00 46 19 00 00 FC 12 00 00 98 03 00 00 78 00 00 00 00 00 41 00 00 00 0B 6D
FRAME A5 5A 01 01 8D 02 16 00 A0 19 00 00 FC 12 00 00 98 03 00 00 78 00 00 00 00 00 41 00 00 00 FB FE
FRAME A5 5A 01 01 8E 02 16 00 FA 19 00 00 FC 12 00 00 98 03 00 00 78 00 00 00 00 00 41 00 00 00 8F F8
FRAME A5 5A 01 01 8F 02 16 00 54 1A 00 00 FC 12 00 00 98 03 00 00 78 00 00 00 00 00 41 00 00 00 81 CA
FRAME A5 5A 01 01 90 02 16 00 AE 1A 00 00 FC 12 00 00 98 03 00 00 78 00 00 00 00 00 41 00 00 00 E4 01
FRAME A5 5A 01 01 91 02 16 00 08 1B 00 00 FC 12 00 00 98 03 00 00 78 00 00 00 00 00 41 00 00 00 40 77
FRAME A5 5A 01 01 92 02 16 00 62 1B 00 00 FC 12 00 00 98 03 00 00 78 00 00 00 00 00 41 00 00 00 07 66
FRAME A5 5A 01 01 93 02 16 00 BC 1B 00 00 FC 12 00 00 98 03 00 00 78 00 00 00 00 00 41 00 00 00 4D 44
FRAME A5 5A 01 01 94 02 16 00 16 1C 00 00 FC 12 00 00 1C 0C 00 00 78 00 00 00 00 00 42 00 00 00 C5 4E
FRAME A5 5A 01 01 95 02 16 00 70 1C 00 00 FC 12 00 00 98 03 00 00 78 00 00 00 00 00 42 00 00 00 2D 3E
STAT boot=1
STAT wd_resets=0
STAT frames=661
STAT seq=662
STAT uptime_ms=66000
FRAME A5 5A 01 01 96 02 16 00 CA 1C 00 00 FC 12 00 00 98 03 00 00 78 00 00 00 00 00 42 00 00 00 B7 7E
FRAME A5 5A 01 01 97 02 16 00 24 1D 00 00 FC 12 00 00 98 03 00 00 78 00 00 00 00 00 42 00 00 00 DE 9A
FRAME A5 5A 01 01 98 02 16 00 7E 1D 00 00 FC 12 00 00 98 03 00 00 78 00 00 00 00 00 42 00 00 00 85 DC
FRAME A5 5A 01 01 99 02 16 00 D8 1D 00 00 FC 12 00 00 98 03 00 00 78 00 00 00 00 00 42 00 00 00 31 7B
FRAME A5 5A 01 01 9A 02 16 00 32 1E 00 00 FC 12 00 00 98 03 00 00 70 03 00 00 00 00 42 00 00 00 58 2B
FRAME A5 5A 01 01 9B 02 16 00 8C 1E 00 00 FC 12 00 00 98 03 00 00 78 00 00 00 01 00 42 00 00 00 E0 EC
FRAME A5 5A 01 01 9C 02 16 00 E6 1E 00 00 FC 12 00 00 98 03 00 00 78 00 00 00 00 00 42 00 00 00 43 13
FRAME A5 5A 01 01 9D 02 16 00 40 1F 00 00 FC 12 00 00 98 03 00 00 78 00 00 00 00 00 42 00 00 00 E7 65
FRAME A5 5A 01 01 9E 02 16 00 9A 1F 00 00 FC 12 00 00 98 03 00 00 78 00 00 00 00 00 43 00 00 00 1A F7
FRAME A5 5A 01 01 9F 02 16 00 F4 1F 00 00 FC 12 00 00 98 03 00 00 78 00 00 00 00 00 43 00 00 00 EB AA
STAT boot=1
STAT wd_resets=0
STAT frames=671
STAT seq=672
STAT uptime_ms=67000
FRAME A5 5A 01 01 A0 02 16 00 4E 20 00 00 FC 12 00 00 98 03 00 00 78 00 00 00 00 00 43 00 00 00 2B E6
FRAME A5 5A 01 01 A1 02 16 00 38 18 00 00 FC 12 00 00 98 03 00 00 78 00 00 00 00 00 43 00 00 00 FE AB
FRAME A5 5A 01 01 A2 02 16 00 92 18 00 00 FC 12 00 00 98 03 00 00 78 00 00 00 00 00 43 00 00 00 75 E6
FRAME A5 5A 01 01 A3 02 16 00 EC 18 00 00 FC 12 00 00 1C 0C 00 00 78 00 00 00 00 00 43 00 00 00 05 3D
FRAME A5 5A 01 01 A4 02 16 00 46 19 00 00 FC 12 00 00 98 03 00 00 78 00 00 00 00 00 43 00 00 00 EB 15
FRAME A5 5A 01 01 A5 02 16 00 A0 19 00 00 FC 12 00 00 98 03 00 00 78 00 00 00 00 00 43 00 00 00 1B 86
FRAME A5 5A 01 01 A6 02 16 00 FA 19 00 00 FC 12 00 00 98 03 00 00 78 00 00 00 00 00 43 00 00 00 6F 80
FRAME A5 5A 01 01 A7 02 16 00 54 1A 00 00 FC 12 00 00 98 03 00 00 78 00 00 00 00 00 43 00 00 00 61 B2
FRAME A5 5A 01 01 A8 02 16 00 AE 1A 00 00 FC 12 00 00 98 03 00 00 78 00 00 00 00 00 44 00 00 00 91 F2
FRAME A5 5A 01 01 A9 02 16 00 08 1B 00 00 FC 12 00 00 98 03 00 00 78 00 00 00 00 00 44 00 00 00 35 84
STAT boot=1
STAT wd_resets=0
STAT frames=681
STAT seq=682
STAT uptime_ms=68000
FRAME A5 5A 01 01 AA 02 16 00 62 1B 00 00 FC 12 00 00 98 03 00 00 78 00 00 00 00 00 44 00 00 00 72 95
FRAME A5 5A 01 01 AB 02 16 00 BC 1B 00 00 FC 12 00 00 98 03 00 00 78 00 00 00 00 00 44 00 00 00 38 B7
FRAME A5 5A 01 01 AC 02 16 00 16 1C 00 00 FC 12 00 00 98 03 00 00 70 03 00 00 00 00 44 00 00 00 B5 68
FRAME A5 5A 01 01 AD 02 16 00 70 1C 00 00 FC 12 00 00 98 03 00 00 78 00 00 00 00 00 44 00 00 00 58 89
FRAME A5 5A 01 01 AE 02 16 00 CA 1C 00 00 FC 12 00 00 98 03 00 00 78 00 00 00 00 00 44 00 00 00 C2 C9
FRAME A5 5A 01 01 AF 02 16 00 24 1D 00 00 FC 12 00 00 98 03 00 00 78 00 00 00 00 00 44 00 00 00 AB 2D
FRAME A5 5A 01 01 B0 02 16 00 7E 1D 00 00 FC 12 00 00 98 03 00 00 78 00 00 00 00 00 44 00 00 00 64 94
FRAME A5 5A 01 01 B1 02 16 00 D8 1D 00 00 FC 12 00 00 98 03 00 00 78 00 00 00 00 00 44 00 00 00 D0 33
FRAME A5 5A 01 01 B2 02 16 00 32 1E 00 00 FC 12 00 00 1C 0C 00 00 78 00 00 00 01 00 45 00 00 00 BC DF
FRAME A5 5A 01 01 B3 02 16 00 8C 1E 00 00 FC 12 00 00 98 03 00 00 78 00 00 00 00 00 45 00 00 00 01 89
STAT boot=1
STAT wd_resets=0
STAT frames=691
STAT seq=692
STAT uptime_ms=69000
FRAME A5 5A 01 01 B4 02 16 00 E6 1E 00 00 FC 12 00 00 98 03 00 00 78 00 00 00 00 00 45 00 00 00 A3 A7
FRAME A5 5A 01 01 B5 02 16 00 40 1F 00 00 FC 12 00 00 98 03 00 00 78 00 00 00 00 00 45 00 00 00 07 D1
FRAME A5 5A 01 01 B6 02 16 00 9A 1F 00 00 FC 12 00 00 98 03 00 00 78 00 00 00 00 00 45 00 00 00 FB BF
FRAME A5 5A 01 01 B7 02 16 00 F4 1F 00 00 FC 12 00 00 98 03 00 00 78 00 00 00 00 00 45 00 00 00 0A E2
FRAME A5 5A 01 01 B8 02 16 00 4E 20 00 00 FC 12 00 00 98 03 00 00 78 00 00 00 00 00 45 00 00 00 75 EE
FRAME A5 5A 01 01 B9 02 16 00 38 18 00 00 FC 12 00 00 98 03 00 00 78 00 00 00 00 00 45 00 00 00 A0 A3
FRAME A5 5A 01 01 BA 02 16 00 92 18 00 00 FC 12 00 00 98 03 00 00 78 00 00 00 00 00 45 00 00 00 2B EE
FRAME A5 5A 01 01 BB 02 16 00 EC 18 00 00 FC 12 00 00 98 03 00 00 78 00 00 00 00 00 45 00 00 00 CB BE
FRAME A5 5A 01 01 BC 02 16 00 46 19 00 00 FC 12 00 00 98 03 00 00 78 00 00 00 00 00 46 00 00 00 B5 59
FRAME A5 5A 01 01 BD 02 16 00 A0 19 00 00 FC 12 00 00 98 03 00 00 78 00 00 00 00 00 46 00 00 00 45 CA
STAT boot=1
STAT wd_resets=0
STAT frames=701
STAT seq=702
STAT uptime_ms=70000
FRAME A5 5A 01 01 BE 02 16 00 FA 19 00 00 FC 12 00 00 98 03 00 00 70 03 00 00 00 00 46 00 00 00 A4 D6
FRAME A5 5A 01 01 BF 02 16 00 54 1A 00 00 FC 12 00 00 98 03 00 00 78 00 00 00 00 00 46 00 00 00 3F FE
FRAME A5 5A 01 01 C0 02 16 00 AE 1A 00 00 FC 12 00 00 98 03 00 00 78 00 00 00 00 00 46 00 00 00 24 B4
FRAME A5 5A 01 01 C1 02 16 00 08 1B 00 00 FC 12 00 00 1C 0C 00 00 78 00 00 00 00 00 46 00 00 00 10 49
FRAME A5 5A 01 01 C2 02 16 00 62 1B 00 00 FC 12 00 00 98 03 00 00 78 00 00 00 00 00 46 00 00 00 C7 D3
FRAME A5 5A 01 01 C3 02 16 00 BC 1B 00 00 FC 12 00 00 98 03 00 00 78 00 00 00 00 00 46 00 00 00 8D F1
FRAME A5 5A 01 01 C4 02 16 00 16 1C 00 00 FC 12 00 00 98 03 00 00 78 00 00 00 00 00 46 00 00 00 95 34
FRAME A5 5A 01 01 C5 02 16 00 70 1C 00 00 FC 12 00 00 98 03 00 00 78 00 00 00 00 00 46 00 00 00 ED CF
FRAME A5 5A 01 01 C6 02 16 00 CA 1C 00 00 FC 12 00 00 98 03 00 00 78 00 00 00 00 00 47 00 00 00 76 73
FRAME A5 5A 01 01 C7 02 16 00 24 1D 00 00 FC 12 00 00 98 03 00 00 78 00 00 00 00 00 47 00 00 00 1F 97
STAT boot=1
STAT wd_resets=0
STAT frames=711
STAT seq=712
STAT uptime_ms=71000
FRAME A5 5A 01 01 C8 02 16 00 7E 1D 00 00 FC 12 00 00 98 03 00 00 78 00 00 00 00 00 47 00 00 00 44 D1
FRAME A5 5A 01 01 C9 02 16 00 D8 1D 00 00 FC 12 00 00 98 03 00 00 78 00 00 00 01 00 47 00 00 00 F1 A7
FRAME A5 5A 01 01 CA 02 16 00 32 1E 00 00 FC 12 00 00 98 03 00 00 78 00 00 00 00 00 47 00 00 00 0C 3C
FRAME A5 5A 01 01 CB 02 16 00 8C 1E 00 00 FC 12 00 00 98 03 00 00 78 00 00 00 00 00 47 00 00 00 20 30
FRAME A5 5A 01 01 CC 02 16 00 E6 1E 00 00 FC 12 00 00 98 03 00 00 78 00 00 00 00 00 47 00 00 00 82 1E
FRAME A5 5A 01 01 CD 02 16 00 40 1F 00 00 FC 12 00 00 98 03 00 00 78 00 00 00 00 00 47 00 00 00 26 68
FRAME A5 5A 01 01 CE 02 16 00 9A 1F 00 00 FC 12 00 00 98 03 00 00 78 00 00 00 00 00 47 00 00 00 DA 06
FRAME A5 5A 01 01 CF 02 16 00 F4 1F 00 00 FC 12 00 00 98 03 00 00 78 00 00 00 00 00 47 00 00 00 2B 5B
FRAME A5 5A 01 01 D0 02 16 00 4E 20 00 00 FC 12 00 00 1C 0C 00 00 70 03 00 00 00 00 48 00 00 00 C6 2D
FRAME A5 5A 01 01 D1 02 16 00 38 18 00 00 FC 12 00 00 98 03 00 00 78 00 00 00 00 00 48 00 00 00 16 F1
STAT boot=1
STAT wd_resets=0
STAT frames=721
STAT seq=722
STAT uptime_ms=72000
FRAME A5 5A 01 01 D2 02 16 00 92 18 00 00 FC 12 00 00 98 03 00 00 78 00 00 00 00 00 48 00 00 00 9D BC
FRAME A5 5A 01 01 D3 02 16 00 EC 18 00 00 FC 12 00 00 98 03 00 00 78 00 00 00 00 00 48 00 00 00 7D EC
FRAME A5 5A 01 01 D4 02 16 00 46 19 00 00 FC 12 00 00 98 03 00 00 78 00 00 00 00 00 48 00 00 00 03 4F
FRAME A5 5A 01 01 D5 02 16 00 A0 19 00 00 FC 12 00 00 98 03 00 00 78 00 00 00 00 00 48 00 00 00 F3 DC
FRAME A5 5A 01 01 D6 02 16 00 FA 19 00 00 FC 12 00 00 98 03 00 00 78 00 00 00 00 00 48 00 00 00 87 DA
FRAME A5 5A 01 01 D7 02 16 00 54 1A 00 00 FC 12 00 00 98 03 00 00 78 00 00 00 00 00 48 00 00 00 89 E8
FRAME A5 5A 01 01 D8 02 16 00 AE 1A 00 00 FC 12 00 00 98 03 00 00 78 00 00 00 00 00 48 00 00 00 78 DC
FRAME A5 5A 01 01 D9 02 16 00 08 1B 00 00 FC 12 00 00 98 03 00 00 78 00 00 00 00 00 48 00 00 00 DC AA
FRAME A5 5A 01 01 DA 02 16 00 62 1B 00 00 FC 12 00 00 98 03 00 00 78 00 00 00 00 00 49 00 00 00 9A 47
FRAME A5 5A 01 01 DB 02 16 00 BC 1B 00 00 FC 12 00 00 98 03 00 00 78 00 00 00 00 00 49 00 00 00 D0 65
STAT boot=1
STAT wd_resets=0
STAT frames=731
STAT seq=732
STAT uptime_ms=73000
FRAME A5 5A 01 01 DC 02 16 00 16 1C 00 00 FC 12 00 00 98 03 00 00 78 00 00 00 00 00 49 00 00 00 C8 A0
FRAME A5 5A 01 01 DD 02 16 00 70 1C 00 00 FC 12 00 00 98 03 00 00 78 00 00 00 00 00 49 00 00 00 B0 5B
FRAME A5 5A 01 01 DE 02 16 00 CA 1C 00 00 FC 12 00 00 98 03 00 00 78 00 00 00 00 00 49 00 00 00 2A 1B
FRAME A5 5A 01 01 DF 02 16 00 24 1D 00 00 FC 12 00 00 1C 0C 00 00 78 00 00 00 00 00 49 00 00 00 D3 74
FRAME A5 5A 01 01 E0 02 16 00 7E 1D 00 00 FC 12 00 00 98 03 00 00 78 00 00 00 01 00 49 00 00 00 A6 28
FRAME A5 5A 01 01 E1 02 16 00 D8 1D 00 00 FC 12 00 00 98 03 00 00 78 00 00 00 00 00 49 00 00 00 13 5E
FRAME A5 5A 01 01 E2 02 16 00 32 1E 00 00 FC 12 00 00 98 03 00 00 70 03 00 00 00 00 49 00 00 00 7A 0E
FRAME A5 5A 01 01 E3 02 16 00 8C 1E 00 00 FC 12 00 00 98 03 00 00 78 00 00 00 00 00 49 00 00 00 C3 18
FRAME A5 5A 01 01 E4 02 16 00 E6 1E 00 00 FC 12 00 00 98 03 00 00 78 00 00 00 00 00 4A 00 00 00 61 72
FRAME A5 5A 01 01 E5 02 16 00 40 1F 00 00 FC 12 00 00 98 03 00 00 78 00 00 00 00 00 4A 00 00 00 C5 04
STAT boot=1
STAT wd_resets=0
STAT frames=741
STAT seq=742
STAT uptime_ms=74000
FRAME A5 5A 01 01 E6 02 16 00 9A 1F 00 00 FC 12 00 00 98 03 00 00 78 00 00 00 00 00 4A 00 00 00 39 6A
FRAME A5 5A 01 01 E7 02 16 00 F4 1F 00 00 FC 12 00 00 98 03 00 00 78 00 00 00 00 00 4A 00 00 00 C8 37
FRAME A5 5A 01 01 E8 02 16 00 4E 20 00 00 FC 12 00 00 98 03 00 00 78 00 00 00 00 00 4A 00 00 00 B7 3B
FRAME A5 5A 01 01 E9 02 16 00 38 18 00 00 FC 12 00 00 98 03 00 00 78 00 00 00 00 00 4A 00 00 00 62 76
FRAME A5 5A 01 01 EA 02 16 00 92 18 00 00 FC 12 00 00 98 03 00 00 78 00 00 00 00 00 4A 00 00 00 E9 3B
FRAME A5 5A 01 01 EB 02 16 00 EC 18 00 00 FC 12 00 00 98 03 00 00 78 00 00 00 00 00 4A 00 00 00 09 6B
FRAME A5 5A 01 01 EC 02 16 00 46 19 00 00 FC 12 00 00 98 03 00 00 78 00 00 00 00 00 4A 00 00 00 77 C8
FRAME A5 5A 01 01 ED 02 16 00 A0 19 00 00 FC 12 00 00 98 03 00 00 78 00 00 00 00 00 4A 00 00 00 87 5B
FRAME A5 5A 01 01 EE 02 16 00 FA 19 00 00 FC 12 00 00 1C 0C 00 00 78 00 00 00 00 00 4B 00 00 00 62 2A
FRAME A5 5A 01 01 EF 02 16 00 54 1A 00 00 FC 12 00 00 98 03 00 00 78 00 00 00 00 00 4B 00 00 00 FC 93
STAT boot=1
STAT wd_resets=0
STAT frames=751
STAT seq=752
STAT uptime_ms=75000
FRAME A5 5A 01 01 F0 02 16 00 AE 1A 00 00 FC 12 00 00 98 03 00 00 78 00 00 00 00 00 4B 00 00 00 99 58
FRAME A5 5A 01 01 F1 02 16 00 08 1B 00 00 FC 12 00 00 98 03 00 00 78 00 00 00 00 00 4B 00 00 00 3D 2E
FRAME A5 5A 01 01 F2 02 16 00 62 1B 00 00 FC 12 00 00 98 03 00 00 78 00 00 00 00 00 4B 00 00 00 7A 3F
FRAME A5 5A 01 01 F3 02 16 00 BC 1B 00 00 FC 12 00 00 98 03 00 00 78 00 00 00 00 00 4B 00 00 00 30 1D
FRAME A5 5A 01 01 F4 02 16 00 16 1C 00 00 FC 12 00 00 98 03 00 00 70 03 00 00 00 00 4B 00 00 00 BD C2
FRAME A5 5A 01 01 F5 02 16 00 70 1C 00 00 FC 12 00 00 98 03 00 00 78 00 00 00 00 00 4B 00 00 00 50 23
FRAME A5 5A 01 01 F6 02 16 00 CA 1C 00 00 FC 12 00 00 98 03 00 00 78 00 00 00 00 00 4B 00 00 00 CA 63
FRAME A5 5A 01 01 F7 02 16 00 24 1D 00 00 FC 12 00 00 98 03 00 00 78 00 00 00 01 00 4B 00 00 00 A2 56
FRAME A5 5A 01 01 F8 02 16 00 7E 1D 00 00 FC 12 00 00 98 03 00 00 78 00 00 00 00 00 4C 00 00 00 F9 B5
FRAME A5 5A 01 01 F9 02 16 00 D8 1D 00 00 FC 12 00 00 98 03 00 00 78 00 00 00 00 00 4C 00 00 00 4D 12
STAT boot=1
STAT wd_resets=0
STAT frames=761
STAT seq=762
STAT uptime_ms=76000
FRAME A5 5A 01 01 FA 02 16 00 32 1E 00 00 FC 12 00 00 98 03 00 00 78 00 00 00 00 00 4C 00 00 00 B1 58
FRAME A5 5A 01 01 FB 02 16 00 8C 1E 00 00 FC 12 00 00 98 03 00 00 78 00 00 00 00 00 4C 00 00 00 9D 54
FRAME A5 5A 01 01 FC 02 16 00 E6 1E 00 00 FC 12 00 00 98 03 00 00 78 00 00 00 00 00 4C 00 00 00 3F 7A
FRAME A5 5A 01 01 FD 02 16 00 40 1F 00 00 FC 12 00 00 1C 0C 00 00 78 00 00 00 00 00 4C 00 00 00 0B 87
FRAME A5 5A 01 01 FE 02 16 00 9A 1F 00 00 FC 12 00 00 98 03 00 00 78 00 00 00 00 00 4C 00 00 00 67 62
FRAME A5 5A 01 01 FF 02 16 00 F4 1F 00 00 FC 12 00 00 98 03 00 00 78 00 00 00 00 00 4C 00 00 00 96 3F
FRAME A5 5A 01 01 00 03 16 00 4E 20 00 00 FC 12 00 00 98 03 00 00 78 00 00 00 00 00 4C 00 00 00 FD C8
FRAME A5 5A 01 01 01 03 16 00 38 18 00 00 FC 12 00 00 98 03 00 00 78 00 00 00 00 00 4C 00 00 00 28 85
FRAME A5 5A 01 01 02 03 16 00 92 18 00 00 FC 12 00 00 98 03 00 00 78 00 00 00 00 00 4D 00 00 00 A2 34
FRAME A5 5A 01 01 03 03 16 00 EC 18 00 00 FC 12 00 00 98 03 00 00 78 00 00 00 00 00 4D 00 00 00 42 64
STAT boot=1
STAT wd_resets=0
STAT frames=771
STAT seq=772
STAT uptime_ms=77000
FRAME A5 5A 01 01 04 03 16 00 46 19 00 00 FC 12 00 00 98 03 00 00 78 00 00 00 00 00 4D 00 00 00 3C C7
FRAME A5 5A 01 01 05 03 16 00 A0 19 00 00 FC 12 00 00 98 03 00 00 78 00 00 00 00 00 4D 00 00 00 CC 54
FRAME A5 5A 01 01 06 03 16 00 FA 19 00 00 FC 12 00 00 98 03 00 00 70 03 00 00 00 00 4D 00 00 00 2D 48
FRAME A5 5A 01 01 07 03 16 00 54 1A 00 00 FC 12 00 00 98 03 00 00 78 00 00 00 00 00 4D 00 00 00 B6 60
FRAME A5 5A 01 01 08 03 16 00 AE 1A 00 00 FC 12 00 00 98 03 00 00 78 00 00 00 00 00 4D 00 00 00 47 54
FRAME A5 5A 01 01 09 03 16 00 08 1B 00 00 FC 12 00 00 98 03 00 00 78 00 00 00 00 00 4D 00 00 00 E3 22
FRAME A5 5A 01 01 0A 03 16 00 62 1B 00 00 FC 12 00 00 98 03 00 00 78 00 00 00 00 00 4D 00 00 00 A4 33
FRAME A5 5A 01 01 0B 03 16 00 BC 1B 00 00 FC 12 00 00 98 03 00 00 78 00 00 00 00 00 4D 00 00 00 EE 11
FRAME A5 5A 01 01 0C 03 16 00 16 1C 00 00 FC 12 00 00 1C 0C 00 00 78 00 00 00 00 00 4E 00 00 00 66 1B
FRAME A5 5A 01 01 0D 03 16 00 70 1C 00 00 FC 12 00 00 98 03 00 00 78 00 00 00 00 00 4E 00 00 00 8E 6B
STAT boot=1
STAT wd_resets=0
STAT frames=781
STAT seq=782
STAT uptime_ms=78000
FRAME A5 5A 01 01 0E 03 16 00 CA 1C 00 00 FC 12 00 00 98 03 00 00 78 00 00 00 01 00 4E 00 00 00 15 FA
FRAME A5 5A 01 01 0F 03 16 00 24 1D 00 00 FC 12 00 00 98 03 00 00 78 00 00 00 00 00 4E 00 00 00 7D CF
FRAME A5 5A 01 01 10 03 16 00 7E 1D 00 00 FC 12 00 00 98 03 00 00 78 00 00 00 00 00 4E 00 00 00 B2 76
FRAME A5 5A 01 01 11 03 16 00 D8 1D 00 00 FC 12 00 00 98 03 00 00 78 00 00 00 00 00 4E 00 00 00 06 D1
FRAME A5 5A 01 01 12 03 16 00 32 1E 00 00 FC 12 00 00 98 03 00 00 78 00 00 00 00 00 4E 00 00 00 FA 9B
FRAME A5 5A 01 01 13 03 16 00 8C 1E 00 00 FC 12 00 00 98 03 00 00 78 00 00 00 00 00 4E 00 00 00 D6 97
FRAME A5 5A 01 01 14 03 16 00 E6 1E 00 00 FC 12 00 00 98 03 00 00 78 00 00 00 00 00 4E 00 00 00 74 B9
FRAME A5 5A 01 01 15 03 16 00 40 1F 00 00 FC 12 00 00 98 03 00 00 78 00 00 00 00 00 4E 00 00 00 D0 CF
FRAME A5 5A 01 01 16 03 16 00 9A 1F 00 00 FC 12 00 00 98 03 00 00 78 00 00 00 00 00 4F 00 00 00 2D 5D
FRAME A5 5A 01 01 17 03 16 00 F4 1F 00 00 FC 12 00 00 98 03 00 00 78 00 00 00 00 00 4F 00 00 00 DC 00
STAT boot=1
STAT wd_resets=0
STAT frames=791
STAT seq=792
STAT uptime_ms=79000
FRAME A5 5A 01 01 18 03 16 00 4E 20 00 00 FC 12 00 00 98 03 00 00 70 03 00 00 00 00 4F 00 00 00 36 16
FRAME A5 5A 01 01 19 03 16 00 38 18 00 00 FC 12 00 00 98 03 00 00 78 00 00 00 00 00 4F 00 00 00 76 41
FRAME A5 5A 01 01 1A 03 16 00 92 18 00 00 FC 12 00 00 98 03 00 00 78 00 00 00 00 00 4F 00 00 00 FD 0C
FRAME A5 5A 01 01 1B 03 16 00 EC 18 00 00 FC 12 00 00 1C 0C 00 00 78 00 00 00 00 00 4F 00 00 00 8D D7
FRAME A5 5A 01 01 1C 03 16 00 46 19 00 00 FC 12 00 00 98 03 00 00 78 00 00 00 00 00 4F 00 00 00 63 FF
FRAME A5 5A 01 01 1D 03 16 00 A0 19 00 00 FC 12 00 00 98 03 00 00 78 00 00 00 00 00 4F 00 00 00 93 6C
FRAME A5 5A 01 01 1E 03 16 00 FA 19 00 00 FC 12 00 00 98 03 00 00 78 00 00 00 00 00 4F 00 00 00 E7 6A
FRAME A5 5A 01 01 1F 03 16 00 54 1A 00 00 FC 12 00 00 98 03 00 00 78 00 00 00 00 00 4F 00 00 00 E9 58
FRAME A5 5A 01 01 20 03 16 00 AE 1A 00 00 FC 12 00 00 98 03 00 00 78 00 00 00 00 00 50 00 00 00 A0 F8
FRAME A5 5A 01 01 21 03 16 00 08 1B 00 00 FC 12 00 00 98 03 00 00 78 00 00 00 00 00 50 00 00 00 04 8E
STAT boot=1
STAT wd_resets=0
STAT frames=801
STAT seq=802
STAT uptime_ms=80000
FRAME A5 5A 01 01 22 03 16 00 62 1B 00 00 FC 12 00 00 98 03 00 00 78 00 00 00 00 00 50 00 00 00 43 9F
FRAME A5 5A 01 01 23 03 16 00 BC 1B 00 00 FC 12 00 00 98 03 00 00 78 00 00 00 00 00 50 00 00 00 09 BD
FRAME A5 5A 01 01 24 03 16 00 16 1C 00 00 FC 12 00 00 98 03 00 00 78 00 00 00 00 00 50 00 00 00 11 78
FRAME A5 5A 01 01 25 03 16 00 70 1C 00 00 FC 12 00 00 98 03 00 00 78 00 00 00 01 00 50 00 00 00 68 52
FRAME A5 5A 01 01 26 03 16 00 CA 1C 00 00 FC 12 00 00 98 03 00 00 78 00 00 00 00 00 50 00 00 00 F3 C3
FRAME A5 5A 01 01 27 03 16 00 24 1D 00 00 FC 12 00 00 98 03 00 00 78 00 00 00 00 00 50 00 00 00 9A 27
FRAME A5 5A 01 01 28 03 16 00 7E 1D 00 00 FC 12 00 00 98 03 00 00 78 00 00 00 00 00 50 00 00 00 C1 61
FRAME A5 5A 01 01 29 03 16 00 D8 1D 00 00 FC 12 00 00 98 03 00 00 78 00 00 00 00 00 50 00 00 00 75 C6
FRAME A5 5A 01 01 2A 03 16 00 32 1E 00 00 FC 12 00 00 1C 0C 00 00 70 03 00 00 00 00 51 00 00 00 8D E1
FRAME A5 5A 01 01 2B 03 16 00 8C 1E 00 00 FC 12 00 00 98 03 00 00 78 00 00 00 00 00 51 00 00 00 A4 7C
STAT boot=1
STAT wd_resets=0
STAT frames=811
STAT seq=812
STAT uptime_ms=81000
FRAME A5 5A 01 01 2C 03 16 00 E6 1E 00 00 FC 12 00 00 98 03 00 00 78 00 00 00 00 00 51 00 00 00 06 52
FRAME A5 5A 01 01 2D 03 16 00 40 1F 00 00 FC 12 00 00 98 03 00 00 78 00 00 00 00 00 51 00 00 00 A2 24
FRAME A5 5A 01 01 2E 03 16 00 9A 1F 00 00 FC 12 00 00 98 03 00 00 78 00 00 00 00 00 51 00 00 00 5E 4A
FRAME A5 5A 01 01 2F 03 16 00 F4 1F 00 00 FC 12 00 00 98 03 00 00 78 00 00 00 00 00 51 00 00 00 AF 17
FRAME A5 5A 01 01 30 03 16 00 4E 20 00 00 FC 12 00 00 98 03 00 00 78 00 00 00 00 00 51 00 00 00 44 E4
FRAME A5 5A 01 01 31 03 16 00 38 18 00 00 FC 12 00 00 98 03 00 00 78 00 00 00 00 00 51 00 00 00 91 A9
FRAME A5 5A 01 01 32 03 16 00 92 18 00 00 FC 12 00 00 98 03 00 00 78 00 00 00 00 00 51 00 00 00 1A E4
FRAME A5 5A 01 01 33 03 16 00 EC 18 00 00 FC 12 00 00 98 03 00 00 78 00 00 00 00 00 51 00 00 00 FA B4
FRAME A5 5A 01 01 34 03 16 00 46 19 00 00 FC 12 00 00 98 03 00 00 78 00 00 00 00 00 52 00 00 00 84 53
FRAME A5 5A 01 01 35 03 16 00 A0 19 00 00 FC 12 00 00 98 03 00 00 78 00 00 00 00 00 52 00 00 00 74 C0
STAT boot=1
STAT wd_resets=0
STAT frames=821
STAT seq=822
STAT uptime_ms=82000
FRAME A5 5A 01 01 36 03 16 00 FA 19 00 00 FC 12 00 00 98 03 00 00 78 00 00 00 00 00 52 00 00 00 00 C6
FRAME A5 5A 01 01 37 03 16 00 54 1A 00 00 FC 12 00 00 98 03 00 00 78 00 00 00 00 00 52 00 00 00 0E F4
FRAME A5 5A 01 01 38 03 16 00 AE 1A 00 00 FC 12 00 00 98 03 00 00 78 00 00 00 00 00 52 00 00 00 FF C0
FRAME A5 5A 01 01 39 03 16 00 08 1B 00 00 FC 12 00 00 1C 0C 00 00 78 00 00 00 00 00 52 00 00 00 CB 3D
FRAME A5 5A 01 01 3A 03 16 00 62 1B 00 00 FC 12 00 00 98 03 00 00 78 00 00 00 00 00 52 00 00 00 1C A7
FRAME A5 5A 01 01 3B 03 16 00 BC 1B 00 00 FC 12 00 00 98 03 00 00 78 00 00 00 00 00 52 00 00 00 56 85
FRAME A5 5A 01 01 3C 03 16 00 16 1C 00 00 FC 12 00 00 98 03 00 00 70 03 00 00 01 00 52 00 00 00 DA 8B
FRAME A5 5A 01 01 3D 03 16 00 70 1C 00 00 FC 12 00 00 98 03 00 00 78 00 00 00 00 00 52 00 00 00 36 BB
FRAME A5 5A 01 01 3E 03 16 00 CA 1C 00 00 FC 12 00 00 98 03 00 00 78 00 00 00 00 00 53 00 00 00 AD 07
FRAME A5 5A 01 01 3F 03 16 00 24 1D 00 00 FC 12 00 00 98 03 00 00 78 00 00 00 00 00 53 00 00 00 C4 E3
STAT boot=1
STAT wd_resets=0
STAT frames=831
STAT seq=832
STAT uptime_ms=83000
FRAME A5 5A 01 01 40 03 16 00 7E 1D 00 00 FC 12 00 00 98 03 00 00 78 00 00 00 00 00 53 00 00 00 75 DB
FRAME A5 5A 01 01 41 03 16 00 D8 1D 00 00 FC 12 00 00 98 03 00 00 78 00 00 00 00 00 53 00 00 00 C1 7C
FRAME A5 5A 01 01 42 03 16 00 32 1E 00 00 FC 12 00 00 98 03 00 00 78 00 00 00 00 00 53 00 00 00 3D 36
FRAME A5 5A 01 01 43 03 16 00 8C 1E 00 00 FC 12 00 00 98 03 00 00 78 00 00 00 00 00 53 00 00 00 11 3A
FRAME A5 5A 01 01 44 03 16 00 E6 1E 00 00 FC 12 00 00 98 03 00 00 78 00 00 00 00 00 53 00 00 00 B3 14
FRAME A5 5A 01 01 45 03 16 00 40 1F 00 00 FC 12 00 00 98 03 00 00 78 00 00 00 00 00 53 00 00 00 17 62
FRAME A5 5A 01 01 46 03 16 00 9A 1F 00 00 FC 12 00 00 98 03 00 00 78 00 00 00 00 00 53 00 00 00 EB 0C
FRAME A5 5A 01 01 47 03 16 00 F4 1F 00 00 FC 12 00 00 98 03 00 00 78 00 00 00 00 00 53 00 00 00 1A 51
FRAME A5 5A 01 01 48 03 16 00 4E 20 00 00 FC 12 00 00 1C 0C 00 00 78 00 00 00 00 00 54 00 00 00 F4 A2
FRAME A5 5A 01 01 49 03 16 00 38 18 00 00 FC 12 00 00 98 03 00 00 78 00 00 00 00 00 54 00 00 00 B1 64
STAT boot=1
STAT wd_resets=0
STAT frames=841
STAT seq=842
STAT uptime_ms=84000
FRAME A5 5A 01 01 4A 03 16 00 92 18 00 00 FC 12 00 00 98 03 00 00 78 00 00 00 00 00 54 00 00 00 3A 29
FRAME A5 5A 01 01 4B 03 16 00 EC 18 00 00 FC 12 00 00 98 03 00 00 78 00 00 00 00 00 54 00 00 00 DA 79
FRAME A5 5A 01 01 4C 03 16 00 46 19 00 00 FC 12 00 00 98 03 00 00 78 00 00 00 00 00 54 00 00 00 A4 DA
FRAME A5 5A 01 01 4D 03 16 00 A0 19 00 00 FC 12 00 00 98 03 00 00 78 00 00 00 00 00 54 00 00 00 54 49
FRAME A5 5A 01 01 4E 03 16 00 FA 19 00 00 FC 12 00 00 98 03 00 00 70 03 00 00 00 00 54 00 00 00 B5 55
FRAME A5 5A 01 01 4F 03 16 00 54 1A 00 00 FC 12 00 00 98 03 00 00 78 00 00 00 00 00 54 00 00 00 2E 7D
FRAME A5 5A 01 01 50 03 16 00 AE 1A 00 00 FC 12 00 00 98 03 00 00 78 00 00 00 00 00 54 00 00 00 4B B6
FRAME A5 5A 01 01 51 03 16 00 08 1B 00 00 FC 12 00 00 98 03 00 00 78 00 00 00 00 00 54 00 00 00 EF C0
FRAME A5 5A 01 01 52 03 16 00 62 1B 00 00 FC 12 00 00 98 03 00 00 78 00 00 00 00 00 55 00 00 00 A9 2D
FRAME A5 5A 01 01 53 03 16 00 BC 1B 00 00 FC 12 00 00 98 03 00 00 78 00 00 00 01 00 55 00 00 00 E2 DE
STAT boot=1
STAT wd_resets=0
STAT frames=851
STAT seq=852
STAT uptime_ms=85000
FRAME A5 5A 01 01 54 03 16 00 16 1C 00 00 FC 12 00 00 98 03 00 00 78 00 00 00 00 00 55 00 00 00 FB CA
FRAME A5 5A 01 01 55 03 16 00 70 1C 00 00 FC 12 00 00 98 03 00 00 78 00 00 00 00 00 55 00 00 00 83 31
FRAME A5 5A 01 01 56 03 16 00 CA 1C 00 00 FC 12 00 00 98 03 00 00 78 00 00 00 00 00 55 00 00 00 19 71
FRAME A5 5A 01 01 57 03 16 00 24 1D 00 00 FC 12 00 00 1C 0C 00 00 78 00 00 00 00 00 55 00 00 00 E0 1E
FRAME A5 5A 01 01 58 03 16 00 7E 1D 00 00 FC 12 00 00 98 03 00 00 78 00 00 00 00 00 55 00 00 00 2B D3
FRAME A5 5A 01 01 59 03 16 00 D8 1D 00 00 FC 12 00 00 98 03 00 00 78 00 00 00 00 00 55 00 00 00 9F 74
FRAME A5 5A 01 01 5A 03 16 00 32 1E 00 00 FC 12 00 00 98 03 00 00 78 00 00 00 00 00 55 00 00 00 63 3E
FRAME A5 5A 01 01 5B 03 16 00 8C 1E 00 00 FC 12 00 00 98 03 00 00 78 00 00 00 00 00 55 00 00 00 4F 32
FRAME A5 5A 01 01 5C 03 16 00 E6 1E 00 00 FC 12 00 00 98 03 00 00 78 00 00 00 00 00 56 00 00 00 ED 58
FRAME A5 5A 01 01 5D 03 16 00 40 1F 00 00 FC 12 00 00 98 03 00 00 78 00 00 00 00 00 56 00 00 00 49 2E
STAT boot=1
STAT wd_resets=0
STAT frames=861
STAT seq=862
STAT uptime_ms=86000
FRAME A5 5A 01 01 5E 03 16 00 9A 1F 00 00 FC 12 00 00 98 03 00 00 78 00 00 00 00 00 56 00 00 00 B5 40
FRAME A5 5A 01 01 5F 03 16 00 F4 1F 00 00 FC 12 00 00 98 03 00 00 78 00 00 00 00 00 56 00 00 00 44 1D
FRAME A5 5A 01 01 60 03 16 00 4E 20 00 00 FC 12 00 00 98 03 00 00 70 03 00 00 00 00 56 00 00 00 11 4B
FRAME A5 5A 01 01 61 03 16 00 38 18 00 00 FC 12 00 00 98 03 00 00 78 00 00 00 00 00 56 00 00 00 51 1C
FRAME A5 5A 01 01 62 03 16 00 92 18 00 00 FC 12 00 00 98 03 00 00 78 00 00 00 00 00 56 00 00 00 DA 51
FRAME A5 5A 01 01 63 03 16 00 EC 18 00 00 FC 12 00 00 98 03 00 00 78 00 00 00 00 00 56 00 00 00 3A 01
FRAME A5 5A 01 01 64 03 16 00 46 19 00 00 FC 12 00 00 98 03 00 00 78 00 00 00 00 00 56 00 00 00 44 A2
FRAME A5 5A 01 01 65 03 16 00 A0 19 00 00 FC 12 00 00 98 03 00 00 78 00 00 00 00 00 56 00 00 00 B4 31
FRAME A5 5A 01 01 66 03 16 00 FA 19 00 00 FC 12 00 00 1C 0C 00 00 78 00 00 00 00 00 57 00 00 00 51 40
FRAME A5 5A 01 01 67 03 16 00 54 1A 00 00 FC 12 00 00 98 03 00 00 78 00 00 00 00 00 57 00 00 00 CF F9
STAT boot=1
STAT wd_resets=0
STAT frames=871
STAT seq=872
STAT uptime_ms=87000
FRAME A5 5A 01 01 68 03 16 00 AE 1A 00 00 FC 12 00 00 98 03 00 00 78 00 00 00 00 00 57 00 00 00 3E CD
FRAME A5 5A 01 01 69 03 16 00 08 1B 00 00 FC 12 00 00 98 03 00 00 78 00 00 00 00 00 57 00 00 00 9A BB
FRAME A5 5A 01 01 6A 03 16 00 62 1B 00 00 FC 12 00 00 98 03 00 00 78 00 00 00 01 00 57 00 00 00 DC 7B
FRAME A5 5A 01 01 6B 03 16 00 BC 1B 00 00 FC 12 00 00 98 03 00 00 78 00 00 00 00 00 57 00 00 00 97 88
FRAME A5 5A 01 01 6C 03 16 00 16 1C 00 00 FC 12 00 00 98 03 00 00 78 00 00 00 00 00 57 00 00 00 8F 4D
FRAME A5 5A 01 01 6D 03 16 00 70 1C 00 00 FC 12 00 00 98 03 00 00 78 00 00 00 00 00 57 00 00 00 F7 B6
FRAME A5 5A 01 01 6E 03 16 00 CA 1C 00 00 FC 12 00 00 98 03 00 00 78 00 00 00 00 00 57 00 00 00 6D F6
FRAME A5 5A 01 01 6F 03 16 00 24 1D 00 00 FC 12 00 00 98 03 00 00 78 00 00 00 00 00 57 00 00 00 04 12
FRAME A5 5A 01 01 70 03 16 00 7E 1D 00 00 FC 12 00 00 98 03 00 00 78 00 00 00 00 00 58 00 00 00 C8 BF
FRAME A5 5A 01 01 71 03 16 00 D8 1D 00 00 FC 12 00 00 98 03 00 00 78 00 00 00 00 00 58 00 00 00 7C 18
STAT boot=1
STAT wd_resets=0
STAT frames=881
STAT seq=882
STAT uptime_ms=88000
FRAME A5 5A 01 01 72 03 16 00 32 1E 00 00 FC 12 00 00 98 03 00 00 70 03 00 00 00 00 58 00 00 00 15 48
FRAME A5 5A 01 01 73 03 16 00 8C 1E 00 00 FC 12 00 00 98 03 00 00 78 00 00 00 00 00 58 00 00 00 AC 5E
FRAME A5 5A 01 01 74 03 16 00 E6 1E 00 00 FC 12 00 00 98 03 00 00 78 00 00 00 00 00 58 00 00 00 0E 70
FRAME A5 5A 01 01 75 03 16 00 40 1F 00 00 FC 12 00 00 1C 0C 00 00 78 00 00 00 00 00 58 00 00 00 3A 8D
FRAME A5 5A 01 01 76 03 16 00 9A 1F 00 00 FC 12 00 00 98 03 00 00 78 00 00 00 00 00 58 00 00 00 56 68
FRAME A5 5A 01 01 77 03 16 00 F4 1F 00 00 FC 12 00 00 98 03 00 00 78 00 00 00 00 00 58 00 00 00 A7 35
FRAME A5 5A 01 01 78 03 16 00 4E 20 00 00 FC 12 00 00 98 03 00 00 78 00 00 00 00 00 58 00 00 00 D8 39
FRAME A5 5A 01 01 79 03 16 00 38 18 00 00 FC 12 00 00 98 03 00 00 78 00 00 00 00 00 58 00 00 00 0D 74
FRAME A5 5A 01 01 7A 03 16 00 92 18 00 00 FC 12 00 00 98 03 00 00 78 00 00 00 00 00 59 00 00 00 87 C5
FRAME A5 5A 01 01 7B 03 16 00 EC 18 00 00 FC 12 00 00 98 03 00 00 78 00 00 00 00 00 59 00 00 00 67 95
STAT boot=1
STAT wd_resets=0
STAT frames=891
STAT seq=892
STAT uptime_ms=89000
FRAME A5 5A 01 01 7C 03 16 00 46 19 00 00 FC 12 00 00 98 03 00 00 78 00 00 00 00 00 59 00 00 00 19 36
FRAME A5 5A 01 01 7D 03 16 00 A0 19 00 00 FC 12 00 00 98 03 00 00 78 00 00 00 00 00 59 00 00 00 E9 A5
FRAME A5 5A 01 01 7E 03 16 00 FA 19 00 00 FC 12 00 00 98 03 00 00 78 00 00 00 00 00 59 00 00 00 9D A3
FRAME A5 5A 01 01 7F 03 16 00 54 1A 00 00 FC 12 00 00 98 03 00 00 78 00 00 00 00 00 59 00 00 00 93 91
FRAME A5 5A 01 01 80 03 16 00 AE 1A 00 00 FC 12 00 00 98 03 00 00 78 00 00 00 00 00 59 00 00 00 22 A7
FRAME A5 5A 01 01 81 03 16 00 08 1B 00 00 FC 12 00 00 98 03 00 00 78 00 00 00 01 00 59 00 00 00 87 00
FRAME A5 5A 01 01 82 03 16 00 62 1B 00 00 FC 12 00 00 98 03 00 00 78 00 00 00 00 00 59 00 00 00 C1 C0
FRAME A5 5A 01 01 83 03 16 00 BC 1B 00 00 FC 12 00 00 98 03 00 00 78 00 00 00 00 00 59 00 00 00 8B E2
FRAME A5 5A 01 01 84 03 16 00 16 1C 00 00 FC 12 00 00 1C 0C 00 00 70 03 00 00 00 00 5A 00 00 00 96 F2
FRAME A5 5A 01 01 85 03 16 00 70 1C 00 00 FC 12 00 00 98 03 00 00 78 00 00 00 00 00 5A 00 00 00 EB 98
STAT boot=1
STAT wd_resets=0
STAT frames=901
STAT seq=902
STAT uptime_ms=90000
FRAME A5 5A 01 01 86 03 16 00 CA 1C 00 00 FC 12 00 00 98 03 00 00 78 00 00 00 00 00 5A 00 00 00 71 D8
FRAME A5 5A 01 01 87 03 16 00 24 1D 00 00 FC 12 00 00 98 03 00 00 78 00 00 00 00 00 5A 00 00 00 18 3C
FRAME A5 5A 01 01 88 03 16 00 7E 1D 00 00 FC 12 00 00 98 03 00 00 78 00 00 00 00 00 5A 00 00 00 43 7A
FRAME A5 5A 01 01 89 03 16 00 D8 1D 00 00 FC 12 00 00 98 03 00 00 78 00 00 00 00 00 5A 00 00 00 F7 DD
FRAME A5 5A 01 01 8A 03 16 00 32 1E 00 00 FC 12 00 00 98 03 00 00 78 00 00 00 00 00 5A 00 00 00 0B 97
FRAME A5 5A 01 01 8B 03 16 00 8C 1E 00 00 FC 12 00 00 98 03 00 00 78 00 00 00 00 00 5A 00 00 00 27 9B
FRAME A5 5A 01 01 8C 03 16 00 E6 1E 00 00 FC 12 00 00 98 03 00 00 78 00 00 00 00 00 5A 00 00 00 85 B5
FRAME A5 5A 01 01 8D 03 16 00 40 1F 00 00 FC 12 00 00 98 03 00 00 78 00 00 00 00 00 5A 00 00 00 21 C3
FRAME A5 5A 01 01 8E 03 16 00 9A 1F 00 00 FC 12 00 00 98 03 00 00 78 00 00 00 00 00 5B 00 00 00 DC 51
FRAME A5 5A 01 01 8F 03 16 00 F4 1F 00 00 FC 12 00 00 98 03 00 00 78 00 00 00 00 00 5B 00 00 00 2D 0C
STAT boot=1
STAT wd_resets=0
STAT frames=911
STAT seq=912
STAT uptime_ms=91000
FRAME A5 5A 01 01 90 03 16 00 4E 20 00 00 FC 12 00 00 98 03 00 00 78 00 00 00 00 00 5B 00 00 00 C6 FF
FRAME A5 5A 01 01 91 03 16 00 38 18 00 00 FC 12 00 00 98 03 00 00 78 00 00 00 00 00 5B 00 00 00 13 B2
FRAME A5 5A 01 01 92 03 16 00 92 18 00 00 FC 12 00 00 98 03 00 00 78 00 00 00 00 00 5B 00 00 00 98 FF
FRAME A5 5A 01 01 93 03 16 00 EC 18 00 00 FC 12 00 00 1C 0C 00 00 78 00 00 00 00 00 5B 00 00 00 E8 24
FRAME A5 5A 01 01 94 03 16 00 46 19 00 00 FC 12 00 00 98 03 00 00 78 00 00 00 00 00 5B 00 00 00 06 0C
FRAME A5 5A 01 01 95 03 16 00 A0 19 00 00 FC 12 00 00 98 03 00 00 78 00 00 00 00 00 5B 00 00 00 F6 9F
FRAME A5 5A 01 01 96 03 16 00 FA 19 00 00 FC 12 00 00 98 03 00 00 70 03 00 00 00 00 5B 00 00 00 17 83
FRAME A5 5A 01 01 97 03 16 00 54 1A 00 00 FC 12 00 00 98 03 00 00 78 00 00 00 00 00 5B 00 00 00 8C AB
FRAME A5 5A 01 01 98 03 16 00 AE 1A 00 00 FC 12 00 00 98 03 00 00 78 00 00 00 01 00 5C 00 00 00 7D 3A
FRAME A5 5A 01 01 99 03 16 00 08 1B 00 00 FC 12 00 00 98 03 00 00 78 00 00 00 00 00 5C 00 00 00 D8 9D
STAT boot=1
STAT wd_resets=0
STAT frames=921
STAT seq=922
STAT uptime_ms=92000
FRAME A5 5A 01 01 9A 03 16 00 62 1B 00 00 FC 12 00 00 98 03 00 00 78 00 00 00 00 00 5C 00 00 00 9F 8C
FRAME A5 5A 01 01 9B 03 16 00 BC 1B 00 00 FC 12 00 00 98 03 00 00 78 00 00 00 00 00 5C 00 00 00 D5 AE
FRAME A5 5A 01 01 9C 03 16 00 16 1C 00 00 FC 12 00 00 98 03 00 00 78 00 00 00 00 00 5C 00 00 00 CD 6B
FRAME A5 5A 01 01 9D 03 16 00 70 1C 00 00 FC 12 00 00 98 03 00 00 78 00 00 00 00 00 5C 00 00 00 B5 90
FRAME A5 5A 01 01 9E 03 16 00 CA 1C 00 00 FC 12 00 00 98 03 00 00 78 00 00 00 00 00 5C 00 00 00 2F D0
FRAME A5 5A 01 01 9F 03 16 00 24 1D 00 00 FC 12 00 00 98 03 00 00 78 00 00 00 00 00 5C 00 00 00 46 34
FRAME A5 5A 01 01 A0 03 16 00 7E 1D 00 00 FC 12 00 00 98 03 00 00 78 00 00 00 00 00 5C 00 00 00 A2 32
FRAME A5 5A 01 01 A1 03 16 00 D8 1D 00 00 FC 12 00 00 98 03 00 00 78 00 00 00 00 00 5C 00 00 00 16 95
FRAME A5 5A 01 01 A2 03 16 00 32 1E 00 00 FC 12 00 00 1C 0C 00 00 78 00 00 00 00 00 5D 00 00 00 7B A8
FRAME A5 5A 01 01 A3 03 16 00 8C 1E 00 00 FC 12 00 00 98 03 00 00 78 00 00 00 00 00 5D 00 00 00 C7 2F
STAT boot=1
STAT wd_resets=0
STAT frames=931
STAT seq=932
STAT uptime_ms=93000
FRAME A5 5A 01 01 A4 03 16 00 E6 1E 00 00 FC 12 00 00 98 03 00 00 78 00 00 00 00 00 5D 00 00 00 65 01
FRAME A5 5A 01 01 A5 03 16 00 40 1F 00 00 FC 12 00 00 98 03 00 00 78 00 00 00 00 00 5D 00 00 00 C1 77
FRAME A5 5A 01 01 A6 03 16 00 9A 1F 00 00 FC 12 00 00 98 03 00 00 78 00 00 00 00 00 5D 00 00 00 3D 19
FRAME A5 5A 01 01 A7 03 16 00 F4 1F 00 00 FC 12 00 00 98 03 00 00 78 00 00 00 00 00 5D 00 00 00 CC 44
FRAME A5 5A 01 01 A8 03 16 00 4E 20 00 00 FC 12 00 00 98 03 00 00 70 03 00 00 00 00 5D 00 00 00 26 52
FRAME A5 5A 01 01 A9 03 16 00 38 18 00 00 FC 12 00 00 98 03 00 00 78 00 00 00 00 00 5D 00 00 00 66 05
FRAME A5 5A 01 01 AA 03 16 00 92 18 00 00 FC 12 00 00 98 03 00 00 78 00 00 00 00 00 5D 00 00 00 ED 48
FRAME A5 5A 01 01 AB 03 16 00 EC 18 00 00 FC 12 00 00 98 03 00 00 78 00 00 00 00 00 5D 00 00 00 0D 18
FRAME A5 5A 01 01 AC 03 16 00 46 19 00 00 FC 12 00 00 98 03 00 00 78 00 00 00 00 00 5E 00 00 00 73 FF
FRAME A5 5A 01 01 AD 03 16 00 A0 19 00 00 FC 12 00 00 98 03 00 00 78 00 00 00 00 00 5E 00 00 00 83 6C
STAT boot=1
STAT wd_resets=0
STAT frames=941
STAT seq=942
STAT uptime_ms=94000
FRAME A5 5A 01 01 AE 03 16 00 FA 19 00 00 FC 12 00 00 98 03 00 00 78 00 00 00 00 00 5E 00 00 00 F7 6A
FRAME A5 5A 01 01 AF 03 16 00 54 1A 00 00 FC 12 00 00 98 03 00 00 78 00 00 00 01 00 5E 00 00 00 F8 89
FRAME A5 5A 01 01 B0 03 16 00 AE 1A 00 00 FC 12 00 00 98 03 00 00 78 00 00 00 00 00 5E 00 00 00 9C 93
FRAME A5 5A 01 01 B1 03 16 00 08 1B 00 00 FC 12 00 00 1C 0C 00 00 78 00 00 00 00 00 5E 00 00 00 A8 6E
FRAME A5 5A 01 01 B2 03 16 00 62 1B 00 00 FC 12 00 00 98 03 00 00 78 00 00 00 00 00 5E 00 00 00 7F F4
FRAME A5 5A 01 01 B3 03 16 00 BC 1B 00 00 FC 12 00 00 98 03 00 00 78 00 00 00 00 00 5E 00 00 00 35 D6
FRAME A5 5A 01 01 B4 03 16 00 16 1C 00 00 FC 12 00 00 98 03 00 00 78 00 00 00 00 00 5E 00 00 00 2D 13
FRAME A5 5A 01 01 B5 03 16 00 70 1C 00 00 FC 12 00 00 98 03 00 00 78 00 00 00 00 00 5E 00 00 00 55 E8
FRAME A5 5A 01 01 B6 03 16 00 CA 1C 00 00 FC 12 00 00 98 03 00 00 78 00 00 00 00 00 5F 00 00 00 CE 54
FRAME A5 5A 01 01 B7 03 16 00 24 1D 00 00 FC 12 00 00 98 03 00 00 78 00 00 00 00 00 5F 00 00 00 A7 B0
STAT boot=1
STAT wd_resets=0
STAT frames=951
STAT seq=952
STAT uptime_ms=95000
FRAME A5 5A 01 01 B8 03 16 00 7E 1D 00 00 FC 12 00 00 98 03 00 00 78 00 00 00 00 00 5F 00 00 00 FC F6
FRAME A5 5A 01 01 B9 03 16 00 D8 1D 00 00 FC 12 00 00 98 03 00 00 78 00 00 00 00 00 5F 00 00 00 48 51
FRAME A5 5A 01 01 BA 03 16 00 32 1E 00 00 FC 12 00 00 98 03 00 00 70 03 00 00 00 00 5F 00 00 00 21 01
FRAME A5 5A 01 01 BB 03 16 00 8C 1E 00 00 FC 12 00 00 98 03 00 00 78 00 00 00 00 00 5F 00 00 00 98 17
FRAME A5 5A 01 01 BC 03 16 00 E6 1E 00 00 FC 12 00 00 98 03 00 00 78 00 00 00 00 00 5F 00 00 00 3A 39
FRAME A5 5A 01 01 BD 03 16 00 40 1F 00 00 FC 12 00 00 98 03 00 00 78 00 00 00 00 00 5F 00 00 00 9E 4F
FRAME A5 5A 01 01 BE 03 16 00 9A 1F 00 00 FC 12 00 00 98 03 00 00 78 00 00 00 00 00 5F 00 00 00 62 21
FRAME A5 5A 01 01 BF 03 16 00 F4 1F 00 00 FC 12 00 00 98 03 00 00 78 00 00 00 00 00 5F 00 00 00 93 7C
FRAME A5 5A 01 01 C0 03 16 00 4E 20 00 00 FC 12 00 00 1C 0C 00 00 78 00 00 00 00 00 60 00 00 00 9A 91
FRAME A5 5A 01 01 C1 03 16 00 38 18 00 00 FC 12 00 00 98 03 00 00 78 00 00 00 00 00 60 00 00 00 DF 57
STAT boot=1
STAT wd_resets=0
STAT frames=961
STAT seq=962
STAT uptime_ms=96000
FRAME A5 5A 01 01 C2 03 16 00 92 18 00 00 FC 12 00 00 98 03 00 00 78 00 00 00 00 00 60 00 00 00 54 1A
FRAME A5 5A 01 01 C3 03 16 00 EC 18 00 00 FC 12 00 00 98 03 00 00 78 00 00 00 00 00 60 00 00 00 B4 4A
FRAME A5 5A 01 01 C4 03 16 00 46 19 00 00 FC 12 00 00 98 03 00 00 78 00 00 00 00 00 60 00 00 00 CA E9
FRAME A5 5A 01 01 C5 03 16 00 A0 19 00 00 FC 12 00 00 98 03 00 00 78 00 00 00 00 00 60 00 00 00 3A 7A
FRAME A5 5A 01 01 C6 03 16 00 FA 19 00 00 FC 12 00 00 98 03 00 00 78 00 00 00 01 00 60 00 00 00 4F AD
FRAME A5 5A 01 01 C7 03 16 00 54 1A 00 00 FC 12 00 00 98 03 00 00 78 00 00 00 00 00 60 00 00 00 40 4E
FRAME A5 5A 01 01 C8 03 16 00 AE 1A 00 00 FC 12 00 00 98 03 00 00 78 00 00 00 00 00 60 00 00 00 B1 7A
FRAME A5 5A 01 01 C9 03 16 00 08 1B 00 00 FC 12 00 00 98 03 00 00 78 00 00 00 00 00 60 00 00 00 15 0C
FRAME A5 5A 01 01 CA 03 16 00 62 1B 00 00 FC 12 00 00 98 03 00 00 78 00 00 00 00 00 61 00 00 00 53 E1
FRAME A5 5A 01 01 CB 03 16 00 BC 1B 00 00 FC 12 00 00 98 03 00 00 78 00 00 00 00 00 61 00 00 00 19 C3
STAT boot=1
STAT wd_resets=0
STAT frames=971
STAT seq=972
STAT uptime_ms=97000
FRAME A5 5A 01 01 CC 03 16 00 16 1C 00 00 FC 12 00 00 98 03 00 00 70 03 00 00 00 00 61 00 00 00 94 1C
FRAME A5 5A 01 01 CD 03 16 00 70 1C 00 00 FC 12 00 00 98 03 00 00 78 00 00 00 00 00 61 00 00 00 79 FD
FRAME A5 5A 01 01 CE 03 16 00 CA 1C 00 00 FC 12 00 00 98 03 00 00 78 00 00 00 00 00 61 00 00 00 E3 BD
FRAME A5 5A 01 01 CF 03 16 00 24 1D 00 00 FC 12 00 00 1C 0C 00 00 78 00 00 00 00 00 61 00 00 00 1A D2
FRAME A5 5A 01 01 D0 03 16 00 7E 1D 00 00 FC 12 00 00 98 03 00 00 78 00 00 00 00 00 61 00 00 00 45 E0
FRAME A5 5A 01 01 D1 03 16 00 D8 1D 00 00 FC 12 00 00 98 03 00 00 78 00 00 00 00 00 61 00 00 00 F1 47
FRAME A5 5A 01 01 D2 03 16 00 32 1E 00 00 FC 12 00 00 98 03 00 00 78 00 00 00 00 00 61 00 00 00 0D 0D
FRAME A5 5A 01 01 D3 03 16 00 8C 1E 00 00 FC 12 00 00 98 03 00 00 78 00 00 00 00 00 61 00 00 00 21 01
FRAME A5 5A 01 01 D4 03 16 00 E6 1E 00 00 FC 12 00 00 98 03 00 00 78 00 00 00 00 00 62 00 00 00 83 6B
FRAME A5 5A 01 01 D5 03 16 00 40 1F 00 00 FC 12 00 00 98 03 00 00 78 00 00 00 00 00 62 00 00 00 27 1D
STAT boot=1
STAT wd_resets=0
STAT frames=981
STAT seq=982
STAT uptime_ms=98000
FRAME A5 5A 01 01 D6 03 16 00 9A 1F 00 00 FC 12 00 00 98 03 00 00 78 00 00 00 00 00 62 00 00 00 DB 73
FRAME A5 5A 01 01 D7 03 16 00 F4 1F 00 00 FC 12 00 00 98 03 00 00 78 00 00 00 00 00 62 00 00 00 2A 2E
FRAME A5 5A 01 01 D8 03 16 00 4E 20 00 00 FC 12 00 00 98 03 00 00 78 00 00 00 00 00 62 00 00 00 55 22
FRAME A5 5A 01 01 D9 03 16 00 38 18 00 00 FC 12 00 00 98 03 00 00 78 00 00 00 00 00 62 00 00 00 80 6F
FRAME A5 5A 01 01 DA 03 16 00 92 18 00 00 FC 12 00 00 98 03 00 00 78 00 00 00 00 00 62 00 00 00 0B 22
FRAME A5 5A 01 01 DB 03 16 00 EC 18 00 00 FC 12 00 00 98 03 00 00 78 00 00 00 00 00 62 00 00 00 EB 72
FRAME A5 5A 01 01 DC 03 16 00 46 19 00 00 FC 12 00 00 98 03 00 00 78 00 00 00 00 00 62 00 00 00 95 D1
FRAME A5 5A 01 01 DD 03 16 00 A0 19 00 00 FC 12 00 00 98 03 00 00 78 00 00 00 01 00 62 00 00 00 64 93
FRAME A5 5A 01 01 DE 03 16 00 FA 19 00 00 FC 12 00 00 1C 0C 00 00 70 03 00 00 00 00 63 00 00 00 15 29
FRAME A5 5A 01 01 DF 03 16 00 54 1A 00 00 FC 12 00 00 98 03 00 00 78 00 00 00 00 00 63 00 00 00 1E 8A
STAT boot=1
STAT wd_resets=0
STAT frames=991
STAT seq=992
STAT uptime_ms=99000
FRAME A5 5A 01 01 E0 03 16 00 AE 1A 00 00 FC 12 00 00 98 03 00 00 78 00 00 00 00 00 63 00 00 00 50 FE
FRAME A5 5A 01 01 E1 03 16 00 08 1B 00 00 FC 12 00 00 98 03 00 00 78 00 00 00 00 00 63 00 00 00 F4 88
FRAME A5 5A 01 01 E2 03 16 00 62 1B 00 00 FC 12 00 00 98 03 00 00 78 00 00 00 00 00 63 00 00 00 B3 99
FRAME A5 5A 01 01 E3 03 16 00 BC 1B 00 00 FC 12 00 00 98 03 00 00 78 00 00 00 00 00 63 00 00 00 F9 BB
FRAME A5 5A 01 01 E4 03 16 00 16 1C 00 00 FC 12 00 00 98 03 00 00 78 00 00 00 00 00 63 00 00 00 E1 7E
FRAME A5 5A 01 01 E5 03 16 00 70 1C 00 00 FC 12 00 00 98 03 00 00 78 00 00 00 00 00 63 00 00 00 99 85
FRAME A5 5A 01 01 E6 03 16 00 CA 1C 00 00 FC 12 00 00 98 03 00 00 78 00 00 00 00 00 63 00 00 00 03 C5
FRAME A5 5A 01 01 E7 03 16 00 24 1D 00 00 FC 12 00 00 98 03 00 00 78 00 00 00 00 00 63 00 00 00 6A 21
FRAME A5 5A 01 01 E8 03 16 00 7E 1D 00 00 FC 12 00 00 98 03 00 00 78 00 00 00 00 00 64 00 00 00 30 13
FRAME A5 5A 01 01 E9 03 16 00 D8 1D 00 00 FC 12 00 00 98 03 00 00 78 00 00 00 00 00 64 00 00 00 84 B4
STAT boot=1
STAT wd_resets=0
STAT frames=1001
STAT seq=1002
STAT uptime_ms=100000
FRAME A5 5A 01 01 EA 03 16 00 32 1E 00 00 FC 12 00 00 98 03 00 00 78 00 00 00 00 00 64 00 00 00 78 FE
FRAME A5 5A 01 01 EB 03 16 00 8C 1E 00 00 FC 12 00 00 98 03 00 00 78 00 00 00 00 00 64 00 00 00 54 F2
FRAME A5 5A 01 01 EC 03 16 00 E6 1E 00 00 FC 12 00 00 98 03 00 00 78 00 00 00 00 00 64 00 00 00 F6 DC
FRAME A5 5A 01 01 ED 03 16 00 40 1F 00 00 FC 12 00 00 1C 0C 00 00 78 00 00 00 00 00 64 00 00 00 C2 21
FRAME A5 5A 01 01 EE 03 16 00 9A 1F 00 00 FC 12 00 00 98 03 00 00 78 00 00 00 00 00 64 00 00 00 AE C4
FRAME A5 5A 01 01 EF 03 16 00 F4 1F 00 00 FC 12 00 00 98 03 00 00 78 00 00 00 00 00 64 00 00 00 5F 99
FRAME A5 5A 01 01 F0 03 16 00 4E 20 00 00 FC 12 00 00 98 03 00 00 70 03 00 00 00 00 64 00 00 00 21 70
FRAME A5 5A 01 01 F1 03 16 00 38 18 00 00 FC 12 00 00 98 03 00 00 78 00 00 00 00 00 64 00 00 00 61 27
FRAME A5 5A 01 01 F2 03 16 00 92 18 00 00 FC 12 00 00 98 03 00 00 78 00 00 00 00 00 65 00 00 00 EB 96
FRAME A5 5A 01 01 F3 03 16 00 EC 18 00 00 FC 12 00 00 98 03 00 00 78 00 00 00 00 00 65 00 00 00 0B C6
STAT boot=1
STAT wd_resets=0
STAT frames=1011
STAT seq=1012
STAT uptime_ms=101000
FRAME A5 5A 01 01 F4 03 16 00 46 19 00 00 FC 12 00 00 98 03 00 00 78 00 00 00 01 00 65 00 00 00 74 B4
FRAME A5 5A 01 01 F5 03 16 00 A0 19 00 00 FC 12 00 00 98 03 00 00 78 00 00 00 00 00 65 00 00 00 85 F6
FRAME A5 5A 01 01 F6 03 16 00 FA 19 00 00 FC 12 00 00 98 03 00 00 78 00 00 00 00 00 65 00 00 00 F1 F0
FRAME A5 5A 01 01 F7 03 16 00 54 1A 00 00 FC 12 00 00 98 03 00 00 78 00 00 00 00 00 65 00 00 00 FF C2
FRAME A5 5A 01 01 F8 03 16 00 AE 1A 00 00 FC 12 00 00 98 03 00 00 78 00 00 00 00 00 65 00 00 00 0E F6
FRAME A5 5A 01 01 F9 03 16 00 08 1B 00 00 FC 12 00 00 98 03 00 00 78 00 00 00 00 00 65 00 00 00 AA 80
FRAME A5 5A 01 01 FA 03 16 00 62 1B 00 00 FC 12 00 00 98 03 00 00 78 00 00 00 00 00 65 00 00 00 ED 91
FRAME A5 5A 01 01 FB 03 16 00 BC 1B 00 00 FC 12 00 00 98 03 00 00 78 00 00 00 00 00 65 00 00 00 A7 B3
FRAME A5 5A 01 01 FC 03 16 00 16 1C 00 00 FC 12 00 00 1C 0C 00 00 78 00 00 00 00 00 66 00 00 00 2F B9
FRAME A5 5A 01 01 FD 03 16 00 70 1C 00 00 FC 12 00 00 98 03 00 00 78 00 00 00 00 00 66 00 00 00 C7 C9
STAT boot=1
STAT wd_resets=0
STAT frames=1021
STAT seq=1022
STAT uptime_ms=102000
FRAME A5 5A 01 01 FE 03 16 00 CA 1C 00 00 FC 12 00 00 98 03 00 00 78 00 00 00 00 00 66 00 00 00 5D 89
FRAME A5 5A 01 01 FF 03 16 00 24 1D 00 00 FC 12 00 00 98 03 00 00 78 00 00 00 00 00 66 00 00 00 34 6D
FRAME A5 5A 01 01 00 04 16 00 7E 1D 00 00 FC 12 00 00 98 03 00 00 78 00 00 00 00 00 66 00 00 00 85 47
FRAME A5 5A 01 01 01 04 16 00 D8 1D 00 00 FC 12 00 00 98 03 00 00 78 00 00 00 00 00 66 00 00 00 31 E0
FRAME A5 5A 01 01 02 04 16 00 32 1E 00 00 FC 12 00 00 98 03 00 00 70 03 00 00 00 00 66 00 00 00 58 B0
FRAME A5 5A 01 01 03 04 16 00 8C 1E 00 00 FC 12 00 00 98 03 00 00 78 00 00 00 00 00 66 00 00 00 E1 A6
FRAME A5 5A 01 01 04 04 16 00 E6 1E 00 00 FC 12 00 00 98 03 00 00 78 00 00 00 00 00 66 00 00 00 43 88
FRAME A5 5A 01 01 05 04 16 00 40 1F 00 00 FC 12 00 00 98 03 00 00 78 00 00 00 00 00 66 00 00 00 E7 FE
FRAME A5 5A 01 01 06 04 16 00 9A 1F 00 00 FC 12 00 00 98 03 00 00 78 00 00 00 00 00 67 00 00 00 1A 6C
FRAME A5 5A 01 01 07 04 16 00 F4 1F 00 00 FC 12 00 00 98 03 00 00 78 00 00 00 00 00 67 00 00 00 EB 31
STAT boot=1
STAT wd_resets=0
STAT frames=1031
STAT seq=1032
STAT uptime_ms=103000
FRAME A5 5A 01 01 08 04 16 00 4E 20 00 00 FC 12 00 00 98 03 00 00 78 00 00 00 00 00 67 00 00 00 94 3D
FRAME A5 5A 01 01 09 04 16 00 38 18 00 00 FC 12 00 00 98 03 00 00 78 00 00 00 00 00 67 00 00 00 41 70
FRAME A5 5A 01 01 0A 04 16 00 92 18 00 00 FC 12 00 00 98 03 00 00 78 00 00 00 00 00 67 00 00 00 CA 3D
FRAME A5 5A 01 01 0B 04 16 00 EC 18 00 00 FC 12 00 00 1C 0C 00 00 78 00 00 00 01 00 67 00 00 00 BB 37
FRAME A5 5A 01 01 0C 04 16 00 46 19 00 00 FC 12 00 00 98 03 00 00 78 00 00 00 00 00 67 00 00 00 54 CE
FRAME A5 5A 01 01 0D 04 16 00 A0 19 00 00 FC 12 00 00 98 03 00 00 78 00 00 00 00 00 67 00 00 00 A4 5D
FRAME A5 5A 01 01 0E 04 16 00 FA 19 00 00 FC 12 00 00 98 03 00 00 78 00 00 00 00 00 67 00 00 00 D0 5B
FRAME A5 5A 01 01 0F 04 16 00 54 1A 00 00 FC 12 00 00 98 03 00 00 78 00 00 00 00 00 67 00 00 00 DE 69
FRAME A5 5A 01 01 10 04 16 00 AE 1A 00 00 FC 12 00 00 98 03 00 00 78 00 00 00 00 00 68 00 00 00 B8 B6
FRAME A5 5A 01 01 11 04 16 00 08 1B 00 00 FC 12 00 00 98 03 00 00 78 00 00 00 00 00 68 00 00 00 1C C0
STAT boot=1
STAT wd_resets=0
STAT frames=1041
STAT seq=1042
STAT uptime_ms=104000
FRAME A5 5A 01 01 12 04 16 00 62 1B 00 00 FC 12 00 00 98 03 00 00 78 00 00 00 00 00 68 00 00 00 5B D1
FRAME A5 5A 01 01 13 04 16 00 BC 1B 00 00 FC 12 00 00 98 03 00 00 78 00 00 00 00 00 68 00 00 00 11 F3
FRAME A5 5A 01 01 14 04 16 00 16 1C 00 00 FC 12 00 00 98 03 00 00 70 03 00 00 00 00 68 00 00 00 9C 2C
FRAME A5 5A 01 01 15 04 16 00 70 1C 00 00 FC 12 00 00 98 03 00 00 78 00 00 00 00 00 68 00 00 00 71 CD
FRAME A5 5A 01 01 16 04 16 00 CA 1C 00 00 FC 12 00 00 98 03 00 00 78 00 00 00 00 00 68 00 00 00 EB 8D
FRAME A5 5A 01 01 17 04 16 00 24 1D 00 00 FC 12 00 00 98 03 00 00 78 00 00 00 00 00 68 00 00 00 82 69
FRAME A5 5A 01 01 18 04 16 00 7E 1D 00 00 FC 12 00 00 98 03 00 00 78 00 00 00 00 00 68 00 00 00 D9 2F
FRAME A5 5A 01 01 19 04 16 00 D8 1D 00 00 FC 12 00 00 98 03 00 00 78 00 00 00 00 00 68 00 00 00 6D 88
FRAME A5 5A 01 01 1A 04 16 00 32 1E 00 00 FC 12 00 00 1C 0C 00 00 78 00 00 00 00 00 69 00 00 00 00 B5
FRAME A5 5A 01 01 1B 04 16 00 8C 1E 00 00 FC 12 00 00 98 03 00 00 78 00 00 00 00 00 69 00 00 00 BC 32
STAT boot=1
STAT wd_resets=0
STAT frames=1051
STAT seq=1052
STAT uptime_ms=105000
FRAME A5 5A 01 01 1C 04 16 00 E6 1E 00 00 FC 12 00 00 98 03 00 00 78 00 00 00 00 00 69 00 00 00 1E 1C
FRAME A5 5A 01 01 1D 04 16 00 40 1F 00 00 FC 12 00 00 98 03 00 00 78 00 00 00 00 00 69 00 00 00 BA 6A
FRAME A5 5A 01 01 1E 04 16 00 9A 1F 00 00 FC 12 00 00 98 03 00 00 78 00 00 00 00 00 69 00 00 00 46 04
FRAME A5 5A 01 01 1F 04 16 00 F4 1F 00 00 FC 12 00 00 98 03 00 00 78 00 00 00 00 00 69 00 00 00 B7 59
FRAME A5 5A 01 01 20 04 16 00 4E 20 00 00 FC 12 00 00 98 03 00 00 78 00 00 00 00 00 69 00 00 00 77 15
FRAME A5 5A 01 01 21 04 16 00 38 18 00 00 FC 12 00 00 98 03 00 00 78 00 00 00 00 00 69 00 00 00 A2 58
FRAME A5 5A 01 01 22 04 16 00 92 18 00 00 FC 12 00 00 98 03 00 00 78 00 00 00 01 00 69 00 00 00 28 C4
FRAME A5 5A 01 01 23 04 16 00 EC 18 00 00 FC 12 00 00 98 03 00 00 78 00 00 00 00 00 69 00 00 00 C9 45
FRAME A5 5A 01 01 24 04 16 00 46 19 00 00 FC 12 00 00 98 03 00 00 78 00 00 00 00 00 6A 00 00 00 B7 A2
FRAME A5 5A 01 01 25 04 16 00 A0 19 00 00 FC 12 00 00 98 03 00 00 78 00 00 00 00 00 6A 00 00 00 47 31
STAT boot=1
STAT wd_resets=0
STAT frames=1061
STAT seq=1062
STAT uptime_ms=106000
FRAME A5 5A 01 01 26 04 16 00 FA 19 00 00 FC 12 00 00 98 03 00 00 70 03 00 00 00 00 6A 00 00 00 A6 2D
FRAME A5 5A 01 01 27 04 16 00 54 1A 00 00 FC 12 00 00 98 03 00 00 78 00 00 00 00 00 6A 00 00 00 3D 05
FRAME A5 5A 01 01 28 04 16 00 AE 1A 00 00 FC 12 00 00 98 03 00 00 78 00 00 00 00 00 6A 00 00 00 CC 31
FRAME A5 5A 01 01 29 04 16 00 08 1B 00 00 FC 12 00 00 1C 0C 00 00 78 00 00 00 00 00 6A 00 00 00 F8 CC
FRAME A5 5A 01 01 2A 04 16 00 62 1B 00 00 FC 12 00 00 98 03 00 00 78 00 00 00 00 00 6A 00 00 00 2F 56
FRAME A5 5A 01 01 2B 04 16 00 BC 1B 00 00 FC 12 00 00 98 03 00 00 78 00 00 00 00 00 6A 00 00 00 65 74
FRAME A5 5A 01 01 2C 04 16 00 16 1C 00 00 FC 12 00 00 98 03 00 00 78 00 00 00 00 00 6A 00 00 00 7D B1
FRAME A5 5A 01 01 2D 04 16 00 70 1C 00 00 FC 12 00 00 98 03 00 00 78 00 00 00 00 00 6A 00 00 00 05 4A
FRAME A5 5A 01 01 2E 04 16 00 CA 1C 00 00 FC 12 00 00 98 03 00 00 78 00 00 00 00 00 6B 00 00 00 9E F6
FRAME A5 5A 01 01 2F 04 16 00 24 1D 00 00 FC 12 00 00 98 03 00 00 78 00 00 00 00 00 6B 00 00 00 F7 12
STAT boot=1
STAT wd_resets=0
STAT frames=1071
STAT seq=1072
STAT uptime_ms=107000
FRAME A5 5A 01 01 30 04 16 00 7E 1D 00 00 FC 12 00 00 98 03 00 00 78 00 00 00 00 00 6B 00 00 00 38 AB
FRAME A5 5A 01 01 31 04 16 00 D8 1D 00 00 FC 12 00 00 98 03 00 00 78 00 00 00 00 00 6B 00 00 00 8C 0C
FRAME A5 5A 01 01 32 04 16 00 32 1E 00 00 FC 12 00 00 98 03 00 00 78 00 00 00 00 00 6B 00 00 00 70 46
FRAME A5 5A 01 01 33 04 16 00 8C 1E 00 00 FC 12 00 00 98 03 00 00 78 00 00 00 00 00 6B 00 00 00 5C 4A
FRAME A5 5A 01 01 34 04 16 00 E6 1E 00 00 FC 12 00 00 98 03 00 00 78 00 00 00 00 00 6B 00 00 00 FE 64
FRAME A5 5A 01 01 35 04 16 00 40 1F 00 00 FC 12 00 00 98 03 00 00 78 00 00 00 00 00 6B 00 00 00 5A 12
FRAME A5 5A 01 01 36 04 16 00 9A 1F 00 00 FC 12 00 00 98 03 00 00 78 00 00 00 00 00 6B 00 00 00 A6 7C
FRAME A5 5A 01 01 37 04 16 00 F4 1F 00 00 FC 12 00 00 98 03 00 00 78 00 00 00 00 00 6B 00 00 00 57 21
FRAME A5 5A 01 01 38 04 16 00 4E 20 00 00 FC 12 00 00 1C 0C 00 00 70 03 00 00 00 00 6C 00 00 00 2C C8
FRAME A5 5A 01 01 39 04 16 00 38 18 00 00 FC 12 00 00 98 03 00 00 78 00 00 00 01 00 6C 00 00 00 FD C5
STAT boot=1
STAT wd_resets=0
STAT frames=1081
STAT seq=1082
STAT uptime_ms=108000
FRAME A5 5A 01 01 3A 04 16 00 92 18 00 00 FC 12 00 00 98 03 00 00 78 00 00 00 00 00 6C 00 00 00 77 59
FRAME A5 5A 01 01 3B 04 16 00 EC 18 00 00 FC 12 00 00 98 03 00 00 78 00 00 00 00 00 6C 00 00 00 97 09
FRAME A5 5A 01 01 3C 04 16 00 46 19 00 00 FC 12 00 00 98 03 00 00 78 00 00 00 00 00 6C 00 00 00 E9 AA
FRAME A5 5A 01 01 3D 04 16 00 A0 19 00 00 FC 12 00 00 98 03 00 00 78 00 00 00 00 00 6C 00 00 00 19 39
FRAME A5 5A 01 01 3E 04 16 00 FA 19 00 00 FC 12 00 00 98 03 00 00 78 00 00 00 00 00 6C 00 00 00 6D 3F
FRAME A5 5A 01 01 3F 04 16 00 54 1A 00 00 FC 12 00 00 98 03 00 00 78 00 00 00 00 00 6C 00 00 00 63 0D
FRAME A5 5A 01 01 40 04 16 00 AE 1A 00 00 FC 12 00 00 98 03 00 00 78 00 00 00 00 00 6C 00 00 00 78 47
FRAME A5 5A 01 01 41 04 16 00 08 1B 00 00 FC 12 00 00 98 03 00 00 78 00 00 00 00 00 6C 00 00 00 DC 31
FRAME A5 5A 01 01 42 04 16 00 62 1B 00 00 FC 12 00 00 98 03 00 00 78 00 00 00 00 00 6D 00 00 00 9A DC
FRAME A5 5A 01 01 43 04 16 00 BC 1B 00 00 FC 12 00 00 98 03 00 00 78 00 00 00 00 00 6D 00 00 00 D0 FE
STAT boot=1
STAT wd_resets=0
STAT frames=1091
STAT seq=1092
STAT uptime_ms=109000
FRAME A5 5A 01 01 44 04 16 00 16 1C 00 00 FC 12 00 00 98 03 00 00 78 00 00 00 00 00 6D 00 00 00 C8 3B
FRAME A5 5A 01 01 45 04 16 00 70 1C 00 00 FC 12 00 00 98 03 00 00 78 00 00 00 00 00 6D 00 00 00 B0 C0
FRAME A5 5A 01 01 46 04 16 00 CA 1C 00 00 FC 12 00 00 98 03 00 00 78 00 00 00 00 00 6D 00 00 00 2A 80
FRAME A5 5A 01 01 47 04 16 00 24 1D 00 00 FC 12 00 00 1C 0C 00 00 78 00 00 00 00 00 6D 00 00 00 D3 EF
FRAME A5 5A 01 01 48 04 16 00 7E 1D 00 00 FC 12 00 00 98 03 00 00 78 00 00 00 00 00 6D 00 00 00 18 22
FRAME A5 5A 01 01 49 04 16 00 D8 1D 00 00 FC 12 00 00 98 03 00 00 78 00 00 00 00 00 6D 00 00 00 AC 85
FRAME A5 5A 01 01 4A 04 16 00 32 1E 00 00 FC 12 00 00 98 03 00 00 70 03 00 00 00 00 6D 00 00 00 C5 D5
FRAME A5 5A 01 01 4B 04 16 00 8C 1E 00 00 FC 12 00 00 98 03 00 00 78 00 00 00 00 00 6D 00 00 00 7C C3
FRAME A5 5A 01 01 4C 04 16 00 E6 1E 00 00 FC 12 00 00 98 03 00 00 78 00 00 00 00 00 6E 00 00 00 DE A9
FRAME A5 5A 01 01 4D 04 16 00 40 1F 00 00 FC 12 00 00 98 03 00 00 78 00 00 00 00 00 6E 00 00 00 7A DF
STAT boot=1
STAT wd_resets=0
STAT frames=1101
STAT seq=1102
STAT uptime_ms=110000
FRAME A5 5A 01 01 4E 04 16 00 9A 1F 00 00 FC 12 00 00 98 03 00 00 78 00 00 00 00 00 6E 00 00 00 86 B1
FRAME A5 5A 01 01 4F 04 16 00 F4 1F 00 00 FC 12 00 00 98 03 00 00 78 00 00 00 00 00 6E 00 00 00 77 EC
FRAME A5 5A 01 01 50 04 16 00 4E 20 00 00 FC 12 00 00 98 03 00 00 78 00 00 00 01 00 6E 00 00 00 9D CE
FRAME A5 5A 01 01 51 04 16 00 38 18 00 00 FC 12 00 00 98 03 00 00 78 00 00 00 00 00 6E 00 00 00 49 52
FRAME A5 5A 01 01 52 04 16 00 92 18 00 00 FC 12 00 00 98 03 00 00 78 00 00 00 00 00 6E 00 00 00 C2 1F
FRAME A5 5A 01 01 53 04 16 00 EC 18 00 00 FC 12 00 00 98 03 00 00 78 00 00 00 00 00 6E 00 00 00 22 4F
FRAME A5 5A 01 01 54 04 16 00 46 19 00 00 FC 12 00 00 98 03 00 00 78 00 00 00 00 00 6E 00 00 00 5C EC
FRAME A5 5A 01 01 55 04 16 00 A0 19 00 00 FC 12 00 00 98 03 00 00 78 00 00 00 00 00 6E 00 00 00 AC 7F
FRAME A5 5A 01 01 56 04 16 00 FA 19 00 00 FC 12 00 00 1C 0C 00 00 78 00 00 00 00 00 6F 00 00 00 49 0E
FRAME A5 5A 01 01 57 04 16 00 54 1A 00 00 FC 12 00 00 98 03 00 00 78 00 00 00 00 00 6F 00 00 00 D7 B7
STAT boot=1
STAT wd_resets=0
STAT frames=1111
STAT seq=1112
STAT uptime_ms=111000
FRAME A5 5A 01 01 58 04 16 00 AE 1A 00 00 FC 12 00 00 98 03 00 00 78 00 00 00 00 00 6F 00 00 00 26 83
FRAME A5 5A 01 01 59 04 16 00 08 1B 00 00 FC 12 00 00 98 03 00 00 78 00 00 00 00 00 6F 00 00 00 82 F5
FRAME A5 5A 01 01 5A 04 16 00 62 1B 00 00 FC 12 00 00 98 03 00 00 78 00 00 00 00 00 6F 00 00 00 C5 E4
FRAME A5 5A 01 01 5B 04 16 00 BC 1B 00 00 FC 12 00 00 98 03 00 00 78 00 00 00 00 00 6F 00 00 00 8F C6
FRAME A5 5A 01 01 5C 04 16 00 16 1C 00 00 FC 12 00 00 98 03 00 00 70 03 00 00 00 00 6F 00 00 00 02 19
FRAME A5 5A 01 01 5D 04 16 00 70 1C 00 00 FC 12 00 00 98 03 00 00 78 00 00 00 00 00 6F 00 00 00 EF F8
FRAME A5 5A 01 01 5E 04 16 00 CA 1C 00 00 FC 12 00 00 98 03 00 00 78 00 00 00 00 00 6F 00 00 00 75 B8
FRAME A5 5A 01 01 5F 04 16 00 24 1D 00 00 FC 12 00 00 98 03 00 00 78 00 00 00 00 00 6F 00 00 00 1C 5C
FRAME A5 5A 01 01 60 04 16 00 7E 1D 00 00 FC 12 00 00 98 03 00 00 78 00 00 00 00 00 70 00 00 00 FF 8E
FRAME A5 5A 01 01 61 04 16 00 D8 1D 00 00 FC 12 00 00 98 03 00 00 78 00 00 00 00 00 70 00 00 00 4B 29
STAT boot=1
STAT wd_resets=0
STAT frames=1121
STAT seq=1122
STAT uptime_ms=112000
FRAME A5 5A 01 01 62 04 16 00 32 1E 00 00 FC 12 00 00 98 03 00 00 78 00 00 00 00 00 70 00 00 00 B7 63
FRAME A5 5A 01 01 63 04 16 00 8C 1E 00 00 FC 12 00 00 98 03 00 00 78 00 00 00 00 00 70 00 00 00 9B 6F
FRAME A5 5A 01 01 64 04 16 00 E6 1E 00 00 FC 12 00 00 98 03 00 00 78 00 00 00 00 00 70 00 00 00 39 41
FRAME A5 5A 01 01 65 04 16 00 40 1F 00 00 FC 12 00 00 1C 0C 00 00 78 00 00 00 00 00 70 00 00 00 0D BC
FRAME A5 5A 01 01 66 04 16 00 9A 1F 00 00 FC 12 00 00 98 03 00 00 78 00 00 00 00 00 70 00 00 00 61 59
FRAME A5 5A 01 01 67 04 16 00 F4 1F 00 00 FC 12 00 00 98 03 00 00 78 00 00 00 01 00 70 00 00 00 91 D5
FRAME A5 5A 01 01 68 04 16 00 4E 20 00 00 FC 12 00 00 98 03 00 00 78 00 00 00 00 00 70 00 00 00 EF 08
FRAME A5 5A 01 01 69 04 16 00 38 18 00 00 FC 12 00 00 98 03 00 00 78 00 00 00 00 00 70 00 00 00 3A 45
FRAME A5 5A 01 01 6A 04 16 00 92 18 00 00 FC 12 00 00 98 03 00 00 78 00 00 00 00 00 71 00 00 00 B0 F4
FRAME A5 5A 01 01 6B 04 16 00 EC 18 00 00 FC 12 00 00 98 03 00 00 78 00 00 00 00 00 71 00 00 00 50 A4
STAT boot=1
STAT wd_resets=0
STAT frames=1131
STAT seq=1132
STAT uptime_ms=113000
FRAME A5 5A 01 01 6C 04 16 00 46 19 00 00 FC 12 00 00 98 03 00 00 78 00 00 00 00 00 71 00 00 00 2E 07
FRAME A5 5A 01 01 6D 04 16 00 A0 19 00 00 FC 12 00 00 98 03 00 00 78 00 00 00 00 00 71 00 00 00 DE 94
FRAME A5 5A 01 01 6E 04 16 00 FA 19 00 00 FC 12 00 00 98 03 00 00 70 03 00 00 00 00 71 00 00 00 3F 88
FRAME A5 5A 01 01 6F 04 16 00 54 1A 00 00 FC 12 00 00 98 03 00 00 78 00 00 00 00 00 71 00 00 00 A4 A0
FRAME A5 5A 01 01 70 04 16 00 AE 1A 00 00 FC 12 00 00 98 03 00 00 78 00 00 00 00 00 71 00 00 00 C1 6B
FRAME A5 5A 01 01 71 04 16 00 08 1B 00 00 FC 12 00 00 98 03 00 00 78 00 00 00 00 00 71 00 00 00 65 1D
FRAME A5 5A 01 01 72 04 16 00 62 1B 00 00 FC 12 00 00 98 03 00 00 78 00 00 00 00 00 71 00 00 00 22 0C
FRAME A5 5A 01 01 73 04 16 00 BC 1B 00 00 FC 12 00 00 98 03 00 00 78 00 00 00 00 00 71 00 00 00 68 2E
FRAME A5 5A 01 01 74 04 16 00 16 1C 00 00 FC 12 00 00 1C 0C 00 00 78 00 00 00 00 00 72 00 00 00 E0 24
FRAME A5 5A 01 01 75 04 16 00 70 1C 00 00 FC 12 00 00 98 03 00 00 78 00 00 00 00 00 72 00 00 00 08 54
STAT boot=1
STAT wd_resets=0
STAT frames=1141
STAT seq=1142
STAT uptime_ms=114000
FRAME A5 5A 01 01 76 04 16 00 CA 1C 00 00 FC 12 00 00 98 03 00 00 78 00 00 00 00 00 72 00 00 00 92 14
FRAME A5 5A 01 01 77 04 16 00 24 1D 00 00 FC 12 00 00 98 03 00 00 78 00 00 00 00 00 72 00 00 00 FB F0
FRAME A5 5A 01 01 78 04 16 00 7E 1D 00 00 FC 12 00 00 98 03 00 00 78 00 00 00 00 00 72 00 00 00 A0 B6
FRAME A5 5A 01 01 79 04 16 00 D8 1D 00 00 FC 12 00 00 98 03 00 00 78 00 00 00 00 00 72 00 00 00 14 11
FRAME A5 5A 01 01 7A 04 16 00 32 1E 00 00 FC 12 00 00 98 03 00 00 78 00 00 00 00 00 72 00 00 00 E8 5B
FRAME A5 5A 01 01 7B 04 16 00 8C 1E 00 00 FC 12 00 00 98 03 00 00 78 00 00 00 00 00 72 00 00 00 C4 57
FRAME A5 5A 01 01 7C 04 16 00 E6 1E 00 00 FC 12 00 00 98 03 00 00 78 00 00 00 00 00 72 00 00 00 66 79
FRAME A5 5A 01 01 7D 04 16 00 40 1F 00 00 FC 12 00 00 98 03 00 00 78 00 00 00 00 00 72 00 00 00 C2 0F
FRAME A5 5A 01 01 7E 04 16 00 9A 1F 00 00 FC 12 00 00 98 03 00 00 78 00 00 00 01 00 73 00 00 00 3E 4C
FRAME A5 5A 01 01 7F 04 16 00 F4 1F 00 00 FC 12 00 00 98 03 00 00 78 00 00 00 00 00 73 00 00 00 CE C0
STAT boot=1
STAT wd_resets=0
STAT frames=1151
STAT seq=1152
STAT uptime_ms=115000
FRAME A5 5A 01 01 80 04 16 00 4E 20 00 00 FC 12 00 00 98 03 00 00 70 03 00 00 00 00 73 00 00 00 64 D4
FRAME A5 5A 01 01 81 04 16 00 38 18 00 00 FC 12 00 00 98 03 00 00 78 00 00 00 00 00 73 00 00 00 24 83
FRAME A5 5A 01 01 82 04 16 00 92 18 00 00 FC 12 00 00 98 03 00 00 78 00 00 00 00 00 73 00 00 00 AF CE
FRAME A5 5A 01 01 83 04 16 00 EC 18 00 00 FC 12 00 00 1C 0C 00 00 78 00 00 00 00 00 73 00 00 00 DF 15
FRAME A5 5A 01 01 84 04 16 00 46 19 00 00 FC 12 00 00 98 03 00 00 78 00 00 00 00 00 73 00 00 00 31 3D
FRAME A5 5A 01 01 85 04 16 00 A0 19 00 00 FC 12 00 00 98 03 00 00 78 00 00 00 00 00 73 00 00 00 C1 AE
FRAME A5 5A 01 01 86 04 16 00 FA 19 00 00 FC 12 00 00 98 03 00 00 78 00 00 00 00 00 73 00 00 00 B5 A8
FRAME A5 5A 01 01 87 04 16 00 54 1A 00 00 FC 12 00 00 98 03 00 00 78 00 00 00 00 00 73 00 00 00 BB 9A
FRAME A5 5A 01 01 88 04 16 00 AE 1A 00 00 FC 12 00 00 98 03 00 00 78 00 00 00 00 00 74 00 00 00 4B DA
FRAME A5 5A 01 01 89 04 16 00 08 1B 00 00 FC 12 00 00 98 03 00 00 78 00 00 00 00 00 74 00 00 00 EF AC
STAT boot=1
STAT wd_resets=0
STAT frames=1161
STAT seq=1162
STAT uptime_ms=116000
FRAME A5 5A 01 01 8A 04 16 00 62 1B 00 00 FC 12 00 00 98 03 00 00 78 00 00 00 00 00 74 00 00 00 A8 BD
FRAME A5 5A 01 01 8B 04 16 00 BC 1B 00 00 FC 12 00 00 98 03 00 00 78 00 00 00 00 00 74 00 00 00 E2 9F
FRAME A5 5A 01 01 8C 04 16 00 16 1C 00 00 FC 12 00 00 98 03 00 00 78 00 00 00 00 00 74 00 00 00 FA 5A
FRAME A5 5A 01 01 8D 04 16 00 70 1C 00 00 FC 12 00 00 98 03 00 00 78 00 00 00 00 00 74 00 00 00 82 A1
FRAME A5 5A 01 01 8E 04 16 00 CA 1C 00 00 FC 12 00 00 98 03 00 00 78 00 00 00 00 00 74 00 00 00 18 E1
FRAME A5 5A 01 01 8F 04 16 00 24 1D 00 00 FC 12 00 00 98 03 00 00 78 00 00 00 00 00 74 00 00 00 71 05
FRAME A5 5A 01 01 90 04 16 00 7E 1D 00 00 FC 12 00 00 98 03 00 00 78 00 00 00 00 00 74 00 00 00 BE BC
FRAME A5 5A 01 01 91 04 16 00 D8 1D 00 00 FC 12 00 00 98 03 00 00 78 00 00 00 00 00 74 00 00 00 0A 1B
FRAME A5 5A 01 01 92 04 16 00 32 1E 00 00 FC 12 00 00 1C 0C 00 00 70 03 00 00 00 00 75 00 00 00 F2 3C
FRAME A5 5A 01 01 93 04 16 00 8C 1E 00 00 FC 12 00 00 98 03 00 00 78 00 00 00 00 00 75 00 00 00 DB A1
STAT boot=1
STAT wd_resets=0
STAT frames=1171
STAT seq=1172
STAT uptime_ms=117000
FRAME A5 5A 01 01 94 04 16 00 E6 1E 00 00 FC 12 00 00 98 03 00 00 78 00 00 00 00 00 75 00 00 00 79 8F
FRAME A5 5A 01 01 95 04 16 00 40 1F 00 00 FC 12 00 00 98 03 00 00 78 00 00 00 01 00 75 00 00 00 DC 28
FRAME A5 5A 01 01 96 04 16 00 9A 1F 00 00 FC 12 00 00 98 03 00 00 78 00 00 00 00 00 75 00 00 00 21 97
FRAME A5 5A 01 01 97 04 16 00 F4 1F 00 00 FC 12 00 00 98 03 00 00 78 00 00 00 00 00 75 00 00 00 D0 CA
FRAME A5 5A 01 01 98 04 16 00 4E 20 00 00 FC 12 00 00 98 03 00 00 78 00 00 00 00 00 75 00 00 00 AF C6
FRAME A5 5A 01 01 99 04 16 00 38 18 00 00 FC 12 00 00 98 03 00 00 78 00 00 00 00 00 75 00 00 00 7A 8B
FRAME A5 5A 01 01 9A 04 16 00 92 18 00 00 FC 12 00 00 98 03 00 00 78 00 00 00 00 00 75 00 00 00 F1 C6
FRAME A5 5A 01 01 9B 04 16 00 EC 18 00 00 FC 12 00 00 98 03 00 00 78 00 00 00 00 00 75 00 00 00 11 96
FRAME A5 5A 01 01 9C 04 16 00 46 19 00 00 FC 12 00 00 98 03 00 00 78 00 00 00 00 00 76 00 00 00 6F 71
FRAME A5 5A 01 01 9D 04 16 00 A0 19 00 00 FC 12 00 00 98 03 00 00 78 00 00 00 00 00 76 00 00 00 9F E2
STAT boot=1
STAT wd_resets=0
STAT frames=1181
STAT seq=1182
STAT uptime_ms=118000
FRAME A5 5A 01 01 9E 04 16 00 FA 19 00 00 FC 12 00 00 98 03 00 00 78 00 00 00 00 00 76 00 00 00 EB E4
FRAME A5 5A 01 01 9F 04 16 00 54 1A 00 00 FC 12 00 00 98 03 00 00 78 00 00 00 00 00 76 00 00 00 E5 D6
FRAME A5 5A 01 01 A0 04 16 00 AE 1A 00 00 FC 12 00 00 98 03 00 00 78 00 00 00 00 00 76 00 00 00 AB A2
FRAME A5 5A 01 01 A1 04 16 00 08 1B 00 00 FC 12 00 00 1C 0C 00 00 78 00 00 00 00 00 76 00 00 00 9F 5F
FRAME A5 5A 01 01 A2 04 16 00 62 1B 00 00 FC 12 00 00 98 03 00 00 78 00 00 00 00 00 76 00 00 00 48 C5
FRAME A5 5A 01 01 A3 04 16 00 BC 1B 00 00 FC 12 00 00 98 03 00 00 78 00 00 00 00 00 76 00 00 00 02 E7
FRAME A5 5A 01 01 A4 04 16 00 16 1C 00 00 FC 12 00 00 98 03 00 00 70 03 00 00 00 00 76 00 00 00 8F 38
FRAME A5 5A 01 01 A5 04 16 00 70 1C 00 00 FC 12 00 00 98 03 00 00 78 00 00 00 00 00 76 00 00 00 62 D9
FRAME A5 5A 01 01 A6 04 16 00 CA 1C 00 00 FC 12 00 00 98 03 00 00 78 00 00 00 00 00 77 00 00 00 F9 65
FRAME A5 5A 01 01 A7 04 16 00 24 1D 00 00 FC 12 00 00 98 03 00 00 78 00 00 00 00 00 77 00 00 00 90 81
STAT boot=1
STAT wd_resets=0
STAT frames=1191
STAT seq=1192
STAT uptime_ms=119000
FRAME A5 5A 01 01 A8 04 16 00 7E 1D 00 00 FC 12 00 00 98 03 00 00 78 00 00 00 00 00 77 00 00 00 CB C7
FRAME A5 5A 01 01 A9 04 16 00 D8 1D 00 00 FC 12 00 00 98 03 00 00 78 00 00 00 00 00 77 00 00 00 7F 60
FRAME A5 5A 01 01 AA 04 16 00 32 1E 00 00 FC 12 00 00 98 03 00 00 78 00 00 00 00 00 77 00 00 00 83 2A
FRAME A5 5A 01 01 AB 04 16 00 8C 1E 00 00 FC 12 00 00 98 03 00 00 78 00 00 00 00 00 77 00 00 00 AF 26
FRAME A5 5A 01 01 AC 04 16 00 E6 1E 00 00 FC 12 00 00 98 03 00 00 78 00 00 00 01 00 77 00 00 00 0C D9
FRAME A5 5A 01 01 AD 04 16 00 40 1F 00 00 FC 12 00 00 98 03 00 00 78 00 00 00 00 00 77 00 00 00 A9 7E
FRAME A5 5A 01 01 AE 04 16 00 9A 1F 00 00 FC 12 00 00 98 03 00 00 78 00 00 00 00 00 77 00 00 00 55 10
FRAME A5 5A 01 01 AF 04 16 00 F4 1F 00 00 FC 12 00 00 98 03 00 00 78 00 00 00 00 00 77 00 00 00 A4 4D
FRAME A5 5A 01 01 B0 04 16 00 4E 20 00 00 FC 12 00 00 1C 0C 00 00 78 00 00 00 00 00 78 00 00 00 DC 21
FRAME A5 5A 01 01 B1 04 16 00 38 18 00 00 FC 12 00 00 98 03 00 00 78 00 00 00 00 00 78 00 00 00 99 E7
STAT boot=1
STAT wd_resets=0
STAT frames=1201
STAT seq=1202
STAT uptime_ms=120000
FRAME A5 5A 01 01 B2 04 16 00 92 18 00 00 FC 12 00 00 98 03 00 00 78 00 00 00 00 00 78 00 00 00 12 AA
FRAME A5 5A 01 01 B3 04 16 00 EC 18 00 00 FC 12 00 00 98 03 00 00 78 00 00 00 00 00 78 00 00 00 F2 FA
FRAME A5 5A 01 01 B4 04 16 00 46 19 00 00 FC 12 00 00 98 03 00 00 78 00 00 00 00 00 78 00 00 00 8C 59
FRAME A5 5A 01 01 B5 04 16 00 A0 19 00 00 FC 12 00 00 98 03 00 00 78 00 00 00 00 00 78 00 00 00 7C CA
FRAME A5 5A 01 01 B6 04 16 00 FA 19 00 00 FC 12 00 00 98 03 00 00 70 03 00 00 00 00 78 00 00 00 9D D6
FRAME A5 5A 01 01 B7 04 16 00 54 1A 00 00 FC 12 00 00 98 03 00 00 78 00 00 00 00 00 78 00 00 00 06 FE
FRAME A5 5A 01 01 B8 04 16 00 AE 1A 00 00 FC 12 00 00 98 03 00 00 78 00 00 00 00 00 78 00 00 00 F7 CA
FRAME A5 5A 01 01 B9 04 16 00 08 1B 00 00 FC 12 00 00 98 03 00 00 78 00 00 00 00 00 78 00 00 00 53 BC
FRAME A5 5A 01 01 BA 04 16 00 62 1B 00 00 FC 12 00 00 98 03 00 00 78 00 00 00 00 00 79 00 00 00 15 51
FRAME A5 5A 01 01 BB 04 16 00 BC 1B 00 00 FC 12 00 00 98 03 00 00 78 00 00 00 00 00 79 00 00 00 5F 73
STAT boot=1
STAT wd_resets=0
STAT frames=1211
STAT seq=1212
STAT uptime_ms=121000
FRAME A5 5A 01 01 BC 04 16 00 16 1C 00 00 FC 12 00 00 98 03 00 00 78 00 00 00 00 00 79 00 00 00 47 B6
FRAME A5 5A 01 01 BD 04 16 00 70 1C 00 00 FC 12 00 00 98 03 00 00 78 00 00 00 00 00 79 00 00 00 3F 4D
FRAME A5 5A 01 01 BE 04 16 00 CA 1C 00 00 FC 12 00 00 98 03 00 00 78 00 00 00 00 00 79 00 00 00 A5 0D
FRAME A5 5A 01 01 BF 04 16 00 24 1D 00 00 FC 12 00 00 1C 0C 00 00 78 00 00 00 00 00 79 00 00 00 5C 62
FRAME A5 5A 01 01 C0 04 16 00 7E 1D 00 00 FC 12 00 00 98 03 00 00 78 00 00 00 00 00 79 00 00 00 7D D1
FRAME A5 5A 01 01 C1 04 16 00 D8 1D 00 00 FC 12 00 00 98 03 00 00 78 00 00 00 00 00 79 00 00 00 C9 76
FRAME A5 5A 01 01 C2 04 16 00 32 1E 00 00 FC 12 00 00 98 03 00 00 78 00 00 00 00 00 79 00 00 00 35 3C
FRAME A5 5A 01 01 C3 04 16 00 8C 1E 00 00 FC 12 00 00 98 03 00 00 78 00 00 00 01 00 79 00 00 00 18 E1
FRAME A5 5A 01 01 C4 04 16 00 E6 1E 00 00 FC 12 00 00 98 03 00 00 78 00 00 00 00 00 7A 00 00 00 BB 5A
FRAME A5 5A 01 01 C5 04 16 00 40 1F 00 00 FC 12 00 00 98 03 00 00 78 00 00 00 00 00 7A 00 00 00 1F 2C
STAT boot=1
STAT wd_resets=0
STAT frames=1221
STAT seq=1222
STAT uptime_ms=122000
FRAME A5 5A 01 01 C6 04 16 00 9A 1F 00 00 FC 12 00 00 98 03 00 00 78 00 00 00 00 00 7A 00 00 00 E3 42
FRAME A5 5A 01 01 C7 04 16 00 F4 1F 00 00 FC 12 00 00 98 03 00 00 78 00 00 00 00 00 7A 00 00 00 12 1F
FRAME A5 5A 01 01 C8 04 16 00 4E 20 00 00 FC 12 00 00 98 03 00 00 70 03 00 00 00 00 7A 00 00 00 F8 09
FRAME A5 5A 01 01 C9 04 16 00 38 18 00 00 FC 12 00 00 98 03 00 00 78 00 00 00 00 00 7A 00 00 00 B8 5E
FRAME A5 5A 01 01 CA 04 16 00 92 18 00 00 FC 12 00 00 98 03 00 00 78 00 00 00 00 00 7A 00 00 00 33 13
FRAME A5 5A 01 01 CB 04 16 00 EC 18 00 00 FC 12 00 00 98 03 00 00 78 00 00 00 00 00 7A 00 00 00 D3 43
FRAME A5 5A 01 01 CC 04 16 00 46 19 00 00 FC 12 00 00 98 03 00 00 78 00 00 00 00 00 7A 00 00 00 AD E0
FRAME A5 5A 01 01 CD 04 16 00 A0 19 00 00 FC 12 00 00 98 03 00 00 78 00 00 00 00 00 7A 00 00 00 5D 73
FRAME A5 5A 01 01 CE 04 16 00 FA 19 00 00 FC 12 00 00 1C 0C 00 00 78 00 00 00 00 00 7B 00 00 00 B8 02
FRAME A5 5A 01 01 CF 04 16 00 54 1A 00 00 FC 12 00 00 98 03 00 00 78 00 00 00 00 00 7B 00 00 00 26 BB
STAT boot=1
STAT wd_resets=0
STAT frames=1231
STAT seq=1232
STAT uptime_ms=123000
FRAME A5 5A 01 01 D0 04 16 00 AE 1A 00 00 FC 12 00 00 98 03 00 00 78 00 00 00 00 00 7B 00 00 00 43 70
FRAME A5 5A 01 01 D1 04 16 00 08 1B 00 00 FC 12 00 00 98 03 00 00 78 00 00 00 00 00 7B 00 00 00 E7 06
FRAME A5 5A 01 01 D2 04 16 00 62 1B 00 00 FC 12 00 00 98 03 00 00 78 00 00 00 00 00 7B 00 00 00 A0 17
FRAME A5 5A 01 01 D3 04 16 00 BC 1B 00 00 FC 12 00 00 98 03 00 00 78 00 00 00 00 00 7B 00 00 00 EA 35
FRAME A5 5A 01 01 D4 04 16 00 16 1C 00 00 FC 12 00 00 98 03 00 00 78 00 00 00 00 00 7B 00 00 00 F2 F0
FRAME A5 5A 01 01 D5 04 16 00 70 1C 00 00 FC 12 00 00 98 03 00 00 78 00 00 00 00 00 7B 00 00 00 8A 0B
FRAME A5 5A 01 01 D6 04 16 00 CA 1C 00 00 FC 12 00 00 98 03 00 00 78 00 00 00 00 00 7B 00 00 00 10 4B
FRAME A5 5A 01 01 D7 04 16 00 24 1D 00 00 FC 12 00 00 98 03 00 00 78 00 00 00 00 00 7B 00 00 00 79 AF
FRAME A5 5A 01 01 D8 04 16 00 7E 1D 00 00 FC 12 00 00 98 03 00 00 78 00 00 00 00 00 7C 00 00 00 23 9D
FRAME A5 5A 01 01 D9 04 16 00 D8 1D 00 00 FC 12 00 00 98 03 00 00 78 00 00 00 00 00 7C 00 00 00 97 3A
STAT boot=1
STAT wd_resets=0
STAT frames=1241
STAT seq=1242
STAT uptime_ms=124000
FRAME A5 5A 01 01 DA 04 16 00 32 1E 00 00 FC 12 00 00 98 03 00 00 70 03 00 00 01 00 7C 00 00 00 FF BB
FRAME A5 5A 01 01 DB 04 16 00 8C 1E 00 00 FC 12 00 00 98 03 00 00 78 00 00 00 00 00 7C 00 00 00 47 7C
FRAME A5 5A 01 01 DC 04 16 00 E6 1E 00 00 FC 12 00 00 98 03 00 00 78 00 00 00 00 00 7C 00 00 00 E5 52
FRAME A5 5A 01 01 DD 04 16 00 40 1F 00 00 FC 12 00 00 1C 0C 00 00 78 00 00 00 00 00 7C 00 00 00 D1 AF
FRAME A5 5A 01 01 DE 04 16 00 9A 1F 00 00 FC 12 00 00 98 03 00 00 78 00 00 00 00 00 7C 00 00 00 BD 4A
FRAME A5 5A 01 01 DF 04 16 00 F4 1F 00 00 FC 12 00 00 98 03 00 00 78 00 00 00 00 00 7C 00 00 00 4C 17
FRAME A5 5A 01 01 E0 04 16 00 4E 20 00 00 FC 12 00 00 98 03 00 00 78 00 00 00 00 00 7C 00 00 00 8C 5B
FRAME A5 5A 01 01 E1 04 16 00 38 18 00 00 FC 12 00 00 98 03 00 00 78 00 00 00 00 00 7C 00 00 00 59 16
FRAME A5 5A 01 01 E2 04 16 00 92 18 00 00 FC 12 00 00 98 03 00 00 78 00 00 00 00 00 7D 00 00 00 D3 A7
FRAME A5 5A 01 01 E3 04 16 00 EC 18 00 00 FC 12 00 00 98 03 00 00 78 00 00 00 00 00 7D 00 00 00 33 F7
STAT boot=1
STAT wd_resets=0
STAT frames=1251
STAT seq=1252
STAT uptime_ms=125000
FRAME A5 5A 01 01 E4 04 16 00 46 19 00 00 FC 12 00 00 98 03 00 00 78 00 00 00 00 00 7D 00 00 00 4D 54
FRAME A5 5A 01 01 E5 04 16 00 A0 19 00 00 FC 12 00 00 98 03 00 00 78 00 00 00 00 00 7D 00 00 00 BD C7
FRAME A5 5A 01 01 E6 04 16 00 FA 19 00 00 FC 12 00 00 98 03 00 00 78 00 00 00 00 00 7D 00 00 00 C9 C1
FRAME A5 5A 01 01 E7 04 16 00 54 1A 00 00 FC 12 00 00 98 03 00 00 78 00 00 00 00 00 7D 00 00 00 C7 F3
FRAME A5 5A 01 01 E8 04 16 00 AE 1A 00 00 FC 12 00 00 98 03 00 00 78 00 00 00 00 00 7D 00 00 00 36 C7
FRAME A5 5A 01 01 E9 04 16 00 08 1B 00 00 FC 12 00 00 98 03 00 00 78 00 00 00 00 00 7D 00 00 00 92 B1
FRAME A5 5A 01 01 EA 04 16 00 62 1B 00 00 FC 12 00 00 98 03 00 00 78 00 00 00 00 00 7D 00 00 00 D5 A0
FRAME A5 5A 01 01 EB 04 16 00 BC 1B 00 00 FC 12 00 00 98 03 00 00 78 00 00 00 00 00 7D 00 00 00 9F 82
FRAME A5 5A 01 01 EC 04 16 00 16 1C 00 00 FC 12 00 00 1C 0C 00 00 70 03 00 00 00 00 7E 00 00 00 82 92
FRAME A5 5A 01 01 ED 04 16 00 70 1C 00 00 FC 12 00 00 98 03 00 00 78 00 00 00 00 00 7E 00 00 00 FF F8
STAT boot=1
STAT wd_resets=0
STAT frames=1261
STAT seq=1262
STAT uptime_ms=126000
FRAME A5 5A 01 01 EE 04 16 00 CA 1C 00 00 FC 12 00 00 98 03 00 00 78 00 00 00 00 00 7E 00 00 00 65 B8
FRAME A5 5A 01 01 EF 04 16 00 24 1D 00 00 FC 12 00 00 98 03 00 00 78 00 00 00 00 00 7E 00 00 00 0C 5C
FRAME A5 5A 01 01 F0 04 16 00 7E 1D 00 00 FC 12 00 00 98 03 00 00 78 00 00 00 00 00 7E 00 00 00 C3 E5
FRAME A5 5A 01 01 F1 04 16 00 D8 1D 00 00 FC 12 00 00 98 03 00 00 78 00 00 00 01 00 7E 00 00 00 76 93
FRAME A5 5A 01 01 F2 04 16 00 32 1E 00 00 FC 12 00 00 98 03 00 00 78 00 00 00 00 00 7E 00 00 00 8B 08
FRAME A5 5A 01 01 F3 04 16 00 8C 1E 00 00 FC 12 00 00 98 03 00 00 78 00 00 00 00 00 7E 00 00 00 A7 04
FRAME A5 5A 01 01 F4 04 16 00 E6 1E 00 00 FC 12 00 00 98 03 00 00 78 00 00 00 00 00 7E 00 00 00 05 2A
FRAME A5 5A 01 01 F5 04 16 00 40 1F 00 00 FC 12 00 00 98 03 00 00 78 00 00 00 00 00 7E 00 00 00 A1 5C
FRAME A5 5A 01 01 F6 04 16 00 9A 1F 00 00 FC 12 00 00 98 03 00 00 78 00 00 00 00 00 7F 00 00 00 5C CE
FRAME A5 5A 01 01 F7 04 16 00 F4 1F 00 00 FC 12 00 00 98 03 00 00 78 00 00 00 00 00 7F 00 00 00 AD 93
STAT boot=1
STAT wd_resets=0
STAT frames=1271
STAT seq=1272
STAT uptime_ms=127000
FRAME A5 5A 01 01 F8 04 16 00 4E 20 00 00 FC 12 00 00 98 03 00 00 78 00 00 00 00 00 7F 00 00 00 D2 9F
FRAME A5 5A 01 01 F9 04 16 00 38 18 00 00 FC 12 00 00 98 03 00 00 78 00 00 00 00 00 7F 00 00 00 07 D2
FRAME A5 5A 01 01 FA 04 16 00 92 18 00 00 FC 12 00 00 98 03 00 00 78 00 00 00 00 00 7F 00 00 00 8C 9F
FRAME A5 5A 01 01 FB 04 16 00 EC 18 00 00 FC 12 00 00 1C 0C 00 00 78 00 00 00 00 00 7F 00 00 00 FC 44
FRAME A5 5A 01 01 FC 04 16 00 46 19 00 00 FC 12 00 00 98 03 00 00 78 00 00 00 00 00 7F 00 00 00 12 6C
FRAME A5 5A 01 01 FD 04 16 00 A0 19 00 00 FC 12 00 00 98 03 00 00 78 00 00 00 00 00 7F 00 00 00 E2 FF
FRAME A5 5A 01 01 FE 04 16 00 FA 19 00 00 FC 12 00 00 98 03 00 00 70 03 00 00 00 00 7F 00 00 00 03 E3
FRAME A5 5A 01 01 FF 04 16 00 54 1A 00 00 FC 12 00 00 98 03 00 00 78 00 00 00 00 00 7F 00 00 00 98 CB
FRAME A5 5A 01 01 00 05 16 00 AE 1A 00 00 FC 12 00 00 98 03 00 00 78 00 00 00 00 00 80 00 00 00 4D 10
FRAME A5 5A 01 01 01 05 16 00 08 1B 00 00 FC 12 00 00 98 03 00 00 78 00 00 00 00 00 80 00 00 00 E9 66
STAT boot=1
STAT wd_resets=0
STAT frames=1281
STAT seq=1282
STAT uptime_ms=128000
FRAME A5 5A 01 01 02 05 16 00 62 1B 00 00 FC 12 00 00 98 03 00 00 78 00 00 00 00 00 80 00 00 00 AE 77
FRAME A5 5A 01 01 03 05 16 00 BC 1B 00 00 FC 12 00 00 98 03 00 00 78 00 00 00 00 00 80 00 00 00 E4 55
FRAME A5 5A 01 01 04 05 16 00 16 1C 00 00 FC 12 00 00 98 03 00 00 78 00 00 00 00 00 80 00 00 00 FC 90
FRAME A5 5A 01 01 05 05 16 00 70 1C 00 00 FC 12 00 00 98 03 00 00 78 00 00 00 00 00 80 00 00 00 84 6B
FRAME A5 5A 01 01 06 05 16 00 CA 1C 00 00 FC 12 00 00 98 03 00 00 78 00 00 00 00 00 80 00 00 00 1E 2B
FRAME A5 5A 01 01 07 05 16 00 24 1D 00 00 FC 12 00 00 98 03 00 00 78 00 00 00 00 00 80 00 00 00 77 CF
FRAME A5 5A 01 01 08 05 16 00 7E 1D 00 00 FC 12 00 00 98 03 00 00 78 00 00 00 01 00 80 00 00 00 2D 58
FRAME A5 5A 01 01 09 05 16 00 D8 1D 00 00 FC 12 00 00 98 03 00 00 78 00 00 00 00 00 80 00 00 00 98 2E
FRAME A5 5A 01 01 0A 05 16 00 32 1E 00 00 FC 12 00 00 1C 0C 00 00 78 00 00 00 00 00 81 00 00 00 F5 13
FRAME A5 5A 01 01 0B 05 16 00 8C 1E 00 00 FC 12 00 00 98 03 00 00 78 00 00 00 00 00 81 00 00 00 49 94
STAT boot=1
STAT wd_resets=0
STAT frames=1291
STAT seq=1292
STAT uptime_ms=129000
FRAME A5 5A 01 01 0C 05 16 00 E6 1E 00 00 FC 12 00 00 98 03 00 00 78 00 00 00 00 00 81 00 00 00 EB BA
FRAME A5 5A 01 01 0D 05 16 00 40 1F 00 00 FC 12 00 00 98 03 00 00 78 00 00 00 00 00 81 00 00 00 4F CC
FRAME A5 5A 01 01 0E 05 16 00 9A 1F 00 00 FC 12 00 00 98 03 00 00 78 00 00 00 00 00 81 00 00 00 B3 A2
FRAME A5 5A 01 01 0F 05 16 00 F4 1F 00 00 FC 12 00 00 98 03 00 00 78 00 00 00 00 00 81 00 00 00 42 FF
FRAME A5 5A 01 01 10 05 16 00 4E 20 00 00 FC 12 00 00 98 03 00 00 70 03 00 00 00 00 81 00 00 00 3C 16
FRAME A5 5A 01 01 11 05 16 00 38 18 00 00 FC 12 00 00 98 03 00 00 78 00 00 00 00 00 81 00 00 00 7C 41
FRAME A5 5A 01 01 12 05 16 00 92 18 00 00 FC 12 00 00 98 03 00 00 78 00 00 00 00 00 81 00 00 00 F7 0C
FRAME A5 5A 01 01 13 05 16 00 EC 18 00 00 FC 12 00 00 98 03 00 00 78 00 00 00 00 00 81 00 00 00 17 5C
FRAME A5 5A 01 01 14 05 16 00 46 19 00 00 FC 12 00 00 98 03 00 00 78 00 00 00 00 00 82 00 00 00 69 BB
FRAME A5 5A 01 01 15 05 16 00 A0 19 00 00 FC 12 00 00 98 03 00 00 78 00 00 00 00 00 82 00 00 00 99 28
STAT boot=1
STAT wd_resets=0
STAT frames=1301
STAT seq=1302
STAT uptime_ms=130000
FRAME A5 5A 01 01 16 05 16 00 FA 19 00 00 FC 12 00 00 98 03 00 00 78 00 00 00 00 00 82 00 00 00 ED 2E
FRAME A5 5A 01 01 17 05 16 00 54 1A 00 00 FC 12 00 00 98 03 00 00 78 00 00 00 00 00 82 00 00 00 E3 1C
FRAME A5 5A 01 01 18 05 16 00 AE 1A 00 00 FC 12 00 00 98 03 00 00 78 00 00 00 00 00 82 00 00 00 12 28
FRAME A5 5A 01 01 19 05 16 00 08 1B 00 00 FC 12 00 00 1C 0C 00 00 78 00 00 00 00 00 82 00 00 00 26 D5
FRAME A5 5A 01 01 1A 05 16 00 62 1B 00 00 FC 12 00 00 98 03 00 00 78 00 00 00 00 00 82 00 00 00 F1 4F
FRAME A5 5A 01 01 1B 05 16 00 BC 1B 00 00 FC 12 00 00 98 03 00 00 78 00 00 00 00 00 82 00 00 00 BB 6D
FRAME A5 5A 01 01 1C 05 16 00 16 1C 00 00 FC 12 00 00 98 03 00 00 78 00 00 00 00 00 82 00 00 00 A3 A8
FRAME A5 5A 01 01 1D 05 16 00 70 1C 00 00 FC 12 00 00 98 03 00 00 78 00 00 00 00 00 82 00 00 00 DB 53
FRAME A5 5A 01 01 1E 05 16 00 CA 1C 00 00 FC 12 00 00 98 03 00 00 78 00 00 00 00 00 83 00 00 00 40 EF
FRAME A5 5A 01 01 1F 05 16 00 24 1D 00 00 FC 12 00 00 98 03 00 00 78 00 00 00 01 00 83 00 00 00 28 DA
STAT boot=1
STAT wd_resets=0
STAT frames=1311
STAT seq=1312
STAT uptime_ms=131000
FRAME A5 5A 01 01 20 05 16 00 7E 1D 00 00 FC 12 00 00 98 03 00 00 78 00 00 00 00 00 83 00 00 00 CD 0D
FRAME A5 5A 01 01 21 05 16 00 D8 1D 00 00 FC 12 00 00 98 03 00 00 78 00 00 00 00 00 83 00 00 00 79 AA
FRAME A5 5A 01 01 22 05 16 00 32 1E 00 00 FC 12 00 00 98 03 00 00 70 03 00 00 00 00 83 00 00 00 10 FA
FRAME A5 5A 01 01 23 05 16 00 8C 1E 00 00 FC 12 00 00 98 03 00 00 78 00 00 00 00 00 83 00 00 00 A9 EC
FRAME A5 5A 01 01 24 05 16 00 E6 1E 00 00 FC 12 00 00 98 03 00 00 78 00 00 00 00 00 83 00 00 00 0B C2
FRAME A5 5A 01 01 25 05 16 00 40 1F 00 00 FC 12 00 00 98 03 00 00 78 00 00 00 00 00 83 00 00 00 AF B4
FRAME A5 5A 01 01 26 05 16 00 9A 1F 00 00 FC 12 00 00 98 03 00 00 78 00 00 00 00 00 83 00 00 00 53 DA
FRAME A5 5A 01 01 27 05 16 00 F4 1F 00 00 FC 12 00 00 98 03 00 00 78 00 00 00 00 00 83 00 00 00 A2 87
FRAME A5 5A 01 01 28 05 16 00 4E 20 00 00 FC 12 00 00 1C 0C 00 00 78 00 00 00 00 00 84 00 00 00 4C 74
FRAME A5 5A 01 01 29 05 16 00 38 18 00 00 FC 12 00 00 98 03 00 00 78 00 00 00 00 00 84 00 00 00 09 B2
STAT boot=1
STAT wd_resets=0
STAT frames=1321
STAT seq=1322
STAT uptime_ms=132000
FRAME A5 5A 01 01 2A 05 16 00 92 18 00 00 FC 12 00 00 98 03 00 00 78 00 00 00 00 00 84 00 00 00 82 FF
FRAME A5 5A 01 01 2B 05 16 00 EC 18 00 00 FC 12 00 00 98 03 00 00 78 00 00 00 00 00 84 00 00 00 62 AF
FRAME A5 5A 01 01 2C 05 16 00 46 19 00 00 FC 12 00 00 98 03 00 00 78 00 00 00 00 00 84 00 00 00 1C 0C
FRAME A5 5A 01 01 2D 05 16 00 A0 19 00 00 FC 12 00 00 98 03 00 00 78 00 00 00 00 00 84 00 00 00 EC 9F
FRAME A5 5A 01 01 2E 05 16 00 FA 19 00 00 FC 12 00 00 98 03 00 00 78 00 00 00 00 00 84 00 00 00 98 99
FRAME A5 5A 01 01 2F 05 16 00 54 1A 00 00 FC 12 00 00 98 03 00 00 78 00 00 00 00 00 84 00 00 00 96 AB
FRAME A5 5A 01 01 30 05 16 00 AE 1A 00 00 FC 12 00 00 98 03 00 00 78 00 00 00 00 00 84 00 00 00 F3 60
FRAME A5 5A 01 01 31 05 16 00 08 1B 00 00 FC 12 00 00 98 03 00 00 78 00 00 00 00 00 84 00 00 00 57 16
FRAME A5 5A 01 01 32 05 16 00 62 1B 00 00 FC 12 00 00 98 03 00 00 78 00 00 00 00 00 85 00 00 00 11 FB
FRAME A5 5A 01 01 33 05 16 00 BC 1B 00 00 FC 12 00 00 98 03 00 00 78 00 00 00 00 00 85 00 00 00 5B D9
STAT boot=1
STAT wd_resets=0
STAT frames=1331
STAT seq=1332
STAT uptime_ms=133000
FRAME A5 5A 01 01 34 05 16 00 16 1C 00 00 FC 12 00 00 98 03 00 00 70 03 00 00 00 00 85 00 00 00 D6 06
FRAME A5 5A 01 01 35 05 16 00 70 1C 00 00 FC 12 00 00 98 03 00 00 78 00 00 00 00 00 85 00 00 00 3B E7
FRAME A5 5A 01 01 36 05 16 00 CA 1C 00 00 FC 12 00 00 98 03 00 00 78 00 00 00 01 00 85 00 00 00 A0 76
FRAME A5 5A 01 01 37 05 16 00 24 1D 00 00 FC 12 00 00 1C 0C 00 00 78 00 00 00 00 00 85 00 00 00 58 C8
FRAME A5 5A 01 01 38 05 16 00 7E 1D 00 00 FC 12 00 00 98 03 00 00 78 00 00 00 00 00 85 00 00 00 93 05
FRAME A5 5A 01 01 39 05 16 00 D8 1D 00 00 FC 12 00 00 98 03 00 00 78 00 00 00 00 00 85 00 00 00 27 A2
FRAME A5 5A 01 01 3A 05 16 00 32 1E 00 00 FC 12 00 00 98 03 00 00 78 00 00 00 00 00 85 00 00 00 DB E8
FRAME A5 5A 01 01 3B 05 16 00 8C 1E 00 00 FC 12 00 00 98 03 00 00 78 00 00 00 00 00 85 00 00 00 F7 E4
FRAME A5 5A 01 01 3C 05 16 00 E6 1E 00 00 FC 12 00 00 98 03 00 00 78 00 00 00 00 00 86 00 00 00 55 8E
FRAME A5 5A 01 01 3D 05 16 00 40 1F 00 00 FC 12 00 00 98 03 00 00 78 00 00 00 00 00 86 00 00 00 F1 F8
STAT boot=1
STAT wd_resets=0
STAT frames=1341
STAT seq=1342
STAT uptime_ms=134000
FRAME A5 5A 01 01 3E 05 16 00 9A 1F 00 00 FC 12 00 00 98 03 00 00 78 00 00 00 00 00 86 00 00 00 0D 96
FRAME A5 5A 01 01 3F 05 16 00 F4 1F 00 00 FC 12 00 00 98 03 00 00 78 00 00 00 00 00 86 00 00 00 FC CB
FRAME A5 5A 01 01 40 05 16 00 4E 20 00 00 FC 12 00 00 98 03 00 00 78 00 00 00 00 00 86 00 00 00 69 B9
FRAME A5 5A 01 01 41 05 16 00 38 18 00 00 FC 12 00 00 98 03 00 00 78 00 00 00 00 00 86 00 00 00 BC F4
FRAME A5 5A 01 01 42 05 16 00 92 18 00 00 FC 12 00 00 98 03 00 00 78 00 00 00 00 00 86 00 00 00 37 B9
FRAME A5 5A 01 01 43 05 16 00 EC 18 00 00 FC 12 00 00 98 03 00 00 78 00 00 00 00 00 86 00 00 00 D7 E9
FRAME A5 5A 01 01 44 05 16 00 46 19 00 00 FC 12 00 00 98 03 00 00 78 00 00 00 00 00 86 00 00 00 A9 4A
FRAME A5 5A 01 01 45 05 16 00 A0 19 00 00 FC 12 00 00 98 03 00 00 78 00 00 00 00 00 86 00 00 00 59 D9
FRAME A5 5A 01 01 46 05 16 00 FA 19 00 00 FC 12 00 00 1C 0C 00 00 70 03 00 00 00 00 87 00 00 00 29 B2
FRAME A5 5A 01 01 47 05 16 00 54 1A 00 00 FC 12 00 00 98 03 00 00 78 00 00 00 00 00 87 00 00 00 22 11
STAT boot=1
STAT wd_resets=0
STAT frames=1351
STAT seq=1352
STAT uptime_ms=135000
FRAME A5 5A 01 01 48 05 16 00 AE 1A 00 00 FC 12 00 00 98 03 00 00 78 00 00 00 00 00 87 00 00 00 D3 25
FRAME A5 5A 01 01 49 05 16 00 08 1B 00 00 FC 12 00 00 98 03 00 00 78 00 00 00 00 00 87 00 00 00 77 53
FRAME A5 5A 01 01 4A 05 16 00 62 1B 00 00 FC 12 00 00 98 03 00 00 78 00 00 00 00 00 87 00 00 00 30 42
FRAME A5 5A 01 01 4B 05 16 00 BC 1B 00 00 FC 12 00 00 98 03 00 00 78 00 00 00 00 00 87 00 00 00 7A 60
FRAME A5 5A 01 01 4C 05 16 00 16 1C 00 00 FC 12 00 00 98 03 00 00 78 00 00 00 00 00 87 00 00 00 62 A5
FRAME A5 5A 01 01 4D 05 16 00 70 1C 00 00 FC 12 00 00 98 03 00 00 78 00 00 00 01 00 87 00 00 00 1B 8F
FRAME A5 5A 01 01 4E 05 16 00 CA 1C 00 00 FC 12 00 00 98 03 00 00 78 00 00 00 00 00 87 00 00 00 80 1E
FRAME A5 5A 01 01 4F 05 16 00 24 1D 00 00 FC 12 00 00 98 03 00 00 78 00 00 00 00 00 87 00 00 00 E9 FA
FRAME A5 5A 01 01 50 05 16 00 7E 1D 00 00 FC 12 00 00 98 03 00 00 78 00 00 00 00 00 88 00 00 00 25 57
FRAME A5 5A 01 01 51 05 16 00 D8 1D 00 00 FC 12 00 00 98 03 00 00 78 00 00 00 00 00 88 00 00 00 91 F0
STAT boot=1
STAT wd_resets=0
STAT frames=1361
STAT seq=1362
STAT uptime_ms=136000
FRAME A5 5A 01 01 52 05 16 00 32 1E 00 00 FC 12 00 00 98 03 00 00 78 00 00 00 00 00 88 00 00 00 6D BA
FRAME A5 5A 01 01 53 05 16 00 8C 1E 00 00 FC 12 00 00 98 03 00 00 78 00 00 00 00 00 88 00 00 00 41 B6
FRAME A5 5A 01 01 54 05 16 00 E6 1E 00 00 FC 12 00 00 98 03 00 00 78 00 00 00 00 00 88 00 00 00 E3 98
FRAME A5 5A 01 01 55 05 16 00 40 1F 00 00 FC 12 00 00 1C 0C 00 00 78 00 00 00 00 00 88 00 00 00 D7 65
FRAME A5 5A 01 01 56 05 16 00 9A 1F 00 00 FC 12 00 00 98 03 00 00 78 00 00 00 00 00 88 00 00 00 BB 80
FRAME A5 5A 01 01 57 05 16 00 F4 1F 00 00 FC 12 00 00 98 03 00 00 78 00 00 00 00 00 88 00 00 00 4A DD
FRAME A5 5A 01 01 58 05 16 00 4E 20 00 00 FC 12 00 00 98 03 00 00 70 03 00 00 00 00 88 00 00 00 A0 CB
FRAME A5 5A 01 01 59 05 16 00 38 18 00 00 FC 12 00 00 98 03 00 00 78 00 00 00 00 00 88 00 00 00 E0 9C
FRAME A5 5A 01 01 5A 05 16 00 92 18 00 00 FC 12 00 00 98 03 00 00 78 00 00 00 00 00 89 00 00 00 6A 2D
FRAME A5 5A 01 01 5B 05 16 00 EC 18 00 00 FC 12 00 00 98 03 00 00 78 00 00 00 00 00 89 00 00 00 8A 7D
STAT boot=1
STAT wd_resets=0
STAT frames=1371
STAT seq=1372
STAT uptime_ms=137000
FRAME A5 5A 01 01 5C 05 16 00 46 19 00 00 FC 12 00 00 98 03 00 00 78 00 00 00 00 00 89 00 00 00 F4 DE
FRAME A5 5A 01 01 5D 05 16 00 A0 19 00 00 FC 12 00 00 98 03 00 00 78 00 00 00 00 00 89 00 00 00 04 4D
FRAME A5 5A 01 01 5E 05 16 00 FA 19 00 00 FC 12 00 00 98 03 00 00 78 00 00 00 00 00 89 00 00 00 70 4B
FRAME A5 5A 01 01 5F 05 16 00 54 1A 00 00 FC 12 00 00 98 03 00 00 78 00 00 00 00 00 89 00 00 00 7E 79
FRAME A5 5A 01 01 60 05 16 00 AE 1A 00 00 FC 12 00 00 98 03 00 00 78 00 00 00 00 00 89 00 00 00 30 0D
FRAME A5 5A 01 01 61 05 16 00 08 1B 00 00 FC 12 00 00 98 03 00 00 78 00 00 00 00 00 89 00 00 00 94 7B
FRAME A5 5A 01 01 62 05 16 00 62 1B 00 00 FC 12 00 00 98 03 00 00 78 00 00 00 00 00 89 00 00 00 D3 6A
FRAME A5 5A 01 01 63 05 16 00 BC 1B 00 00 FC 12 00 00 98 03 00 00 78 00 00 00 00 00 89 00 00 00 99 48
FRAME A5 5A 01 01 64 05 16 00 16 1C 00 00 FC 12 00 00 1C 0C 00 00 78 00 00 00 01 00 8A 00 00 00 10 93
FRAME A5 5A 01 01 65 05 16 00 70 1C 00 00 FC 12 00 00 98 03 00 00 78 00 00 00 00 00 8A 00 00 00 F9 32
STAT boot=1
STAT wd_resets=0
STAT frames=1381
STAT seq=1382
STAT uptime_ms=138000
FRAME A5 5A 01 01 66 05 16 00 CA 1C 00 00 FC 12 00 00 98 03 00 00 78 00 00 00 00 00 8A 00 00 00 63 72
FRAME A5 5A 01 01 67 05 16 00 24 1D 00 00 FC 12 00 00 98 03 00 00 78 00 00 00 00 00 8A 00 00 00 0A 96
FRAME A5 5A 01 01 68 05 16 00 7E 1D 00 00 FC 12 00 00 98 03 00 00 78 00 00 00 00 00 8A 00 00 00 51 D0
FRAME A5 5A 01 01 69 05 16 00 D8 1D 00 00 FC 12 00 00 98 03 00 00 78 00 00 00 00 00 8A 00 00 00 E5 77
FRAME A5 5A 01 01 6A 05 16 00 32 1E 00 00 FC 12 00 00 98 03 00 00 70 03 00 00 00 00 8A 00 00 00 8C 27
FRAME A5 5A 01 01 6B 05 16 00 8C 1E 00 00 FC 12 00 00 98 03 00 00 78 00 00 00 00 00 8A 00 00 00 35 31
FRAME A5 5A 01 01 6C 05 16 00 E6 1E 00 00 FC 12 00 00 98 03 00 00 78 00 00 00 00 00 8A 00 00 00 97 1F
FRAME A5 5A 01 01 6D 05 16 00 40 1F 00 00 FC 12 00 00 98 03 00 00 78 00 00 00 00 00 8A 00 00 00 33 69
FRAME A5 5A 01 01 6E 05 16 00 9A 1F 00 00 FC 12 00 00 98 03 00 00 78 00 00 00 00 00 8B 00 00 00 CE FB
FRAME A5 5A 01 01 6F 05 16 00 F4 1F 00 00 FC 12 00 00 98 03 00 00 78 00 00 00 00 00 8B 00 00 00 3F A6
STAT boot=1
STAT wd_resets=0
STAT frames=1391
STAT seq=1392
STAT uptime_ms=139000
FRAME A5 5A 01 01 70 05 16 00 4E 20 00 00 FC 12 00 00 98 03 00 00 78 00 00 00 00 00 8B 00 00 00 D4 55
FRAME A5 5A 01 01 71 05 16 00 38 18 00 00 FC 12 00 00 98 03 00 00 78 00 00 00 00 00 8B 00 00 00 01 18
FRAME A5 5A 01 01 72 05 16 00 92 18 00 00 FC 12 00 00 98 03 00 00 78 00 00 00 00 00 8B 00 00 00 8A 55
FRAME A5 5A 01 01 73 05 16 00 EC 18 00 00 FC 12 00 00 1C 0C 00 00 78 00 00 00 00 00 8B 00 00 00 FA 8E
FRAME A5 5A 01 01 74 05 16 00 46 19 00 00 FC 12 00 00 98 03 00 00 78 00 00 00 00 00 8B 00 00 00 14 A6
FRAME A5 5A 01 01 75 05 16 00 A0 19 00 00 FC 12 00 00 98 03 00 00 78 00 00 00 00 00 8B 00 00 00 E4 35
FRAME A5 5A 01 01 76 05 16 00 FA 19 00 00 FC 12 00 00 98 03 00 00 78 00 00 00 00 00 8B 00 00 00 90 33
FRAME A5 5A 01 01 77 05 16 00 54 1A 00 00 FC 12 00 00 98 03 00 00 78 00 00 00 00 00 8B 00 00 00 9E 01
FRAME A5 5A 01 01 78 05 16 00 AE 1A 00 00 FC 12 00 00 98 03 00 00 78 00 00 00 00 00 8C 00 00 00 6E 41
FRAME A5 5A 01 01 79 05 16 00 08 1B 00 00 FC 12 00 00 98 03 00 00 78 00 00 00 00 00 8C 00 00 00 CA 37
STAT boot=1
STAT wd_resets=0
STAT frames=1401
STAT seq=1402
STAT uptime_ms=140000
FRAME A5 5A 01 01 7A 05 16 00 62 1B 00 00 FC 12 00 00 98 03 00 00 78 00 00 00 00 00 8C 00 00 00 8D 26
FRAME A5 5A 01 01 7B 05 16 00 BC 1B 00 00 FC 12 00 00 98 03 00 00 78 00 00 00 01 00 8C 00 00 00 C6 D5
FRAME A5 5A 01 01 7C 05 16 00 16 1C 00 00 FC 12 00 00 98 03 00 00 70 03 00 00 00 00 8C 00 00 00 4A DB
FRAME A5 5A 01 01 7D 05 16 00 70 1C 00 00 FC 12 00 00 98 03 00 00 78 00 00 00 00 00 8C 00 00 00 A7 3A
FRAME A5 5A 01 01 7E 05 16 00 CA 1C 00 00 FC 12 00 00 98 03 00 00 78 00 00 00 00 00 8C 00 00 00 3D 7A
FRAME A5 5A 01 01 7F 05 16 00 24 1D 00 00 FC 12 00 00 98 03 00 00 78 00 00 00 00 00 8C 00 00 00 54 9E
FRAME A5 5A 01 01 80 05 16 00 7E 1D 00 00 FC 12 00 00 98 03 00 00 78 00 00 00 00 00 8C 00 00 00 4F DA
FRAME A5 5A 01 01 81 05 16 00 D8 1D 00 00 FC 12 00 00 98 03 00 00 78 00 00 00 00 00 8C 00 00 00 FB 7D
FRAME A5 5A 01 01 82 05 16 00 32 1E 00 00 FC 12 00 00 1C 0C 00 00 78 00 00 00 00 00 8D 00 00 00 96 40
FRAME A5 5A 01 01 83 05 16 00 8C 1E 00 00 FC 12 00 00 98 03 00 00 78 00 00 00 00 00 8D 00 00 00 2A C7
STAT boot=1
STAT wd_resets=0
STAT frames=1411
STAT seq=1412
STAT uptime_ms=141000
FRAME A5 5A 01 01 84 05 16 00 E6 1E 00 00 FC 12 00 00 98 03 00 00 78 00 00 00 00 00 8D 00 00 00 88 E9
FRAME A5 5A 01 01 85 05 16 00 40 1F 00 00 FC 12 00 00 98 03 00 00 78 00 00 00 00 00 8D 00 00 00 2C 9F
FRAME A5 5A 01 01 86 05 16 00 9A 1F 00 00 FC 12 00 00 98 03 00 00 78 00 00 00 00 00 8D 00 00 00 D0 F1
FRAME A5 5A 01 01 87 05 16 00 F4 1F 00 00 FC 12 00 00 98 03 00 00 78 00 00 00 00 00 8D 00 00 00 21 AC
FRAME A5 5A 01 01 88 05 16 00 4E 20 00 00 FC 12 00 00 98 03 00 00 78 00 00 00 00 00 8D 00 00 00 5E A0
FRAME A5 5A 01 01 89 05 16 00 38 18 00 00 FC 12 00 00 98 03 00 00 78 00 00 00 00 00 8D 00 00 00 8B ED
FRAME A5 5A 01 01 8A 05 16 00 92 18 00 00 FC 12 00 00 98 03 00 00 78 00 00 00 00 00 8D 00 00 00 00 A0
FRAME A5 5A 01 01 8B 05 16 00 EC 18 00 00 FC 12 00 00 98 03 00 00 78 00 00 00 00 00 8D 00 00 00 E0 F0
FRAME A5 5A 01 01 8C 05 16 00 46 19 00 00 FC 12 00 00 98 03 00 00 78 00 00 00 00 00 8E 00 00 00 9E 17
FRAME A5 5A 01 01 8D 05 16 00 A0 19 00 00 FC 12 00 00 98 03 00 00 78 00 00 00 00 00 8E 00 00 00 6E 84
STAT boot=1
STAT wd_resets=0
STAT frames=1421
STAT seq=1422
STAT uptime_ms=142000
FRAME A5 5A 01 01 8E 05 16 00 FA 19 00 00 FC 12 00 00 98 03 00 00 70 03 00 00 00 00 8E 00 00 00 8F 98
FRAME A5 5A 01 01 8F 05 16 00 54 1A 00 00 FC 12 00 00 98 03 00 00 78 00 00 00 00 00 8E 00 00 00 14 B0
FRAME A5 5A 01 01 90 05 16 00 AE 1A 00 00 FC 12 00 00 98 03 00 00 78 00 00 00 00 00 8E 00 00 00 71 7B
FRAME A5 5A 01 01 91 05 16 00 08 1B 00 00 FC 12 00 00 1C 0C 00 00 78 00 00 00 00 00 8E 00 00 00 45 86
FRAME A5 5A 01 01 92 05 16 00 62 1B 00 00 FC 12 00 00 98 03 00 00 78 00 00 00 01 00 8E 00 00 00 93 CD
FRAME A5 5A 01 01 93 05 16 00 BC 1B 00 00 FC 12 00 00 98 03 00 00 78 00 00 00 00 00 8E 00 00 00 D8 3E
FRAME A5 5A 01 01 94 05 16 00 16 1C 00 00 FC 12 00 00 98 03 00 00 78 00 00 00 00 00 8E 00 00 00 C0 FB
FRAME A5 5A 01 01 95 05 16 00 70 1C 00 00 FC 12 00 00 98 03 00 00 78 00 00 00 00 00 8E 00 00 00 B8 00
FRAME A5 5A 01 01 96 05 16 00 CA 1C 00 00 FC 12 00 00 98 03 00 00 78 00 00 00 00 00 8F 00 00 00 23 BC
FRAME A5 5A 01 01 97 05 16 00 24 1D 00 00 FC 12 00 00 98 03 00 00 78 00 00 00 00 00 8F 00 00 00 4A 58
STAT boot=1
STAT wd_resets=0
STAT frames=1431
STAT seq=1432
STAT uptime_ms=143000
FRAME A5 5A 01 01 98 05 16 00 7E 1D 00 00 FC 12 00 00 98 03 00 00 78 00 00 00 00 00 8F 00 00 00 11 1E
FRAME A5 5A 01 01 99 05 16 00 D8 1D 00 00 FC 12 00 00 98 03 00 00 78 00 00 00 00 00 8F 00 00 00 A5 B9
FRAME A5 5A 01 01 9A 05 16 00 32 1E 00 00 FC 12 00 00 98 03 00 00 78 00 00 00 00 00 8F 00 00 00 59 F3
FRAME A5 5A 01 01 9B 05 16 00 8C 1E 00 00 FC 12 00 00 98 03 00 00 78 00 00 00 00 00 8F 00 00 00 75 FF
FRAME A5 5A 01 01 9C 05 16 00 E6 1E 00 00 FC 12 00 00 98 03 00 00 78 00 00 00 00 00 8F 00 00 00 D7 D1
FRAME A5 5A 01 01 9D 05 16 00 40 1F 00 00 FC 12 00 00 98 03 00 00 78 00 00 00 00 00 8F 00 00 00 73 A7
FRAME A5 5A 01 01 9E 05 16 00 9A 1F 00 00 FC 12 00 00 98 03 00 00 78 00 00 00 00 00 8F 00 00 00 8F C9
FRAME A5 5A 01 01 9F 05 16 00 F4 1F 00 00 FC 12 00 00 98 03 00 00 78 00 00 00 00 00 8F 00 00 00 7E 94
FRAME A5 5A 01 01 A0 05 16 00 4E 20 00 00 FC 12 00 00 1C 0C 00 00 70 03 00 00 00 00 90 00 00 00 BC 9D
FRAME A5 5A 01 01 A1 05 16 00 38 18 00 00 FC 12 00 00 98 03 00 00 78 00 00 00 00 00 90 00 00 00 6C 41
STAT boot=1
STAT wd_resets=0
STAT frames=1441
STAT seq=1442
STAT uptime_ms=144000
FRAME A5 5A 01 01 A2 05 16 00 92 18 00 00 FC 12 00 00 98 03 00 00 78 00 00 00 00 00 90 00 00 00 E7 0C
FRAME A5 5A 01 01 A3 05 16 00 EC 18 00 00 FC 12 00 00 98 03 00 00 78 00 00 00 00 00 90 00 00 00 07 5C
FRAME A5 5A 01 01 A4 05 16 00 46 19 00 00 FC 12 00 00 98 03 00 00 78 00 00 00 00 00 90 00 00 00 79 FF
FRAME A5 5A 01 01 A5 05 16 00 A0 19 00 00 FC 12 00 00 98 03 00 00 78 00 00 00 00 00 90 00 00 00 89 6C
FRAME A5 5A 01 01 A6 05 16 00 FA 19 00 00 FC 12 00 00 98 03 00 00 78 00 00 00 00 00 90 00 00 00 FD 6A
FRAME A5 5A 01 01 A7 05 16 00 54 1A 00 00 FC 12 00 00 98 03 00 00 78 00 00 00 00 00 90 00 00 00 F3 58
FRAME A5 5A 01 01 A8 05 16 00 AE 1A 00 00 FC 12 00 00 98 03 00 00 78 00 00 00 00 00 90 00 00 00 02 6C
FRAME A5 5A 01 01 A9 05 16 00 08 1B 00 00 FC 12 00 00 98 03 00 00 78 00 00 00 01 00 90 00 00 00 A7 CB
FRAME A5 5A 01 01 AA 05 16 00 62 1B 00 00 FC 12 00 00 98 03 00 00 78 00 00 00 00 00 91 00 00 00 E0 F7
FRAME A5 5A 01 01 AB 05 16 00 BC 1B 00 00 FC 12 00 00 98 03 00 00 78 00 00 00 00 00 91 00 00 00 AA D5
STAT boot=1
STAT wd_resets=0
STAT frames=1451
STAT seq=1452
STAT uptime_ms=145000
FRAME A5 5A 01 01 AC 05 16 00 16 1C 00 00 FC 12 00 00 98 03 00 00 78 00 00 00 00 00 91 00 00 00 B2 10
FRAME A5 5A 01 01 AD 05 16 00 70 1C 00 00 FC 12 00 00 98 03 00 00 78 00 00 00 00 00 91 00 00 00 CA EB
FRAME A5 5A 01 01 AE 05 16 00 CA 1C 00 00 FC 12 00 00 98 03 00 00 78 00 00 00 00 00 91 00 00 00 50 AB
FRAME A5 5A 01 01 AF 05 16 00 24 1D 00 00 FC 12 00 00 1C 0C 00 00 78 00 00 00 00 00 91 00 00 00 A9 C4
FRAME A5 5A 01 01 B0 05 16 00 7E 1D 00 00 FC 12 00 00 98 03 00 00 78 00 00 00 00 00 91 00 00 00 F6 F6
FRAME A5 5A 01 01 B1 05 16 00 D8 1D 00 00 FC 12 00 00 98 03 00 00 78 00 00 00 00 00 91 00 00 00 42 51
FRAME A5 5A 01 01 B2 05 16 00 32 1E 00 00 FC 12 00 00 98 03 00 00 70 03 00 00 00 00 91 00 00 00 2B 01
FRAME A5 5A 01 01 B3 05 16 00 8C 1E 00 00 FC 12 00 00 98 03 00 00 78 00 00 00 00 00 91 00 00 00 92 17
FRAME A5 5A 01 01 B4 05 16 00 E6 1E 00 00 FC 12 00 00 98 03 00 00 78 00 00 00 00 00 92 00 00 00 30 7D
FRAME A5 5A 01 01 B5 05 16 00 40 1F 00 00 FC 12 00 00 98 03 00 00 78 00 00 00 00 00 92 00 00 00 94 0B
STAT boot=1
STAT wd_resets=0
STAT frames=1461
STAT seq=1462
STAT uptime_ms=146000
FRAME A5 5A 01 01 B6 05 16 00 9A 1F 00 00 FC 12 00 00 98 03 00 00 78 00 00 00 00 00 92 00 00 00 68 65
FRAME A5 5A 01 01 B7 05 16 00 F4 1F 00 00 FC 12 00 00 98 03 00 00 78 00 00 00 00 00 92 00 00 00 99 38
FRAME A5 5A 01 01 B8 05 16 00 4E 20 00 00 FC 12 00 00 98 03 00 00 78 00 00 00 00 00 92 00 00 00 E6 34
FRAME A5 5A 01 01 B9 05 16 00 38 18 00 00 FC 12 00 00 98 03 00 00 78 00 00 00 00 00 92 00 00 00 33 79
FRAME A5 5A 01 01 BA 05 16 00 92 18 00 00 FC 12 00 00 98 03 00 00 78 00 00 00 00 00 92 00 00 00 B8 34
FRAME A5 5A 01 01 BB 05 16 00 EC 18 00 00 FC 12 00 00 98 03 00 00 78 00 00 00 00 00 92 00 00 00 58 64
FRAME A5 5A 01 01 BC 05 16 00 46 19 00 00 FC 12 00 00 98 03 00 00 78 00 00 00 00 00 92 00 00 00 26 C7
FRAME A5 5A 01 01 BD 05 16 00 A0 19 00 00 FC 12 00 00 98 03 00 00 78 00 00 00 00 00 92 00 00 00 D6 54
FRAME A5 5A 01 01 BE 05 16 00 FA 19 00 00 FC 12 00 00 1C 0C 00 00 78 00 00 00 00 00 93 00 00 00 33 25
FRAME A5 5A 01 01 BF 05 16 00 54 1A 00 00 FC 12 00 00 98 03 00 00 78 00 00 00 00 00 93 00 00 00 AD 9C
STAT boot=1
STAT wd_resets=0
STAT frames=1471
STAT seq=1472
STAT uptime_ms=147000
FRAME A5 5A 01 01 C0 05 16 00 AE 1A 00 00 FC 12 00 00 98 03 00 00 78 00 00 00 01 00 93 00 00 00 B7 07
FRAME A5 5A 01 01 C1 05 16 00 08 1B 00 00 FC 12 00 00 98 03 00 00 78 00 00 00 00 00 93 00 00 00 12 A0
FRAME A5 5A 01 01 C2 05 16 00 62 1B 00 00 FC 12 00 00 98 03 00 00 78 00 00 00 00 00 93 00 00 00 55 B1
FRAME A5 5A 01 01 C3 05 16 00 BC 1B 00 00 FC 12 00 00 98 03 00 00 78 00 00 00 00 00 93 00 00 00 1F 93
FRAME A5 5A 01 01 C4 05 16 00 16 1C 00 00 FC 12 00 00 98 03 00 00 70 03 00 00 00 00 93 00 00 00 92 4C
FRAME A5 5A 01 01 C5 05 16 00 70 1C 00 00 FC 12 00 00 98 03 00 00 78 00 00 00 00 00 93 00 00 00 7F AD
FRAME A5 5A 01 01 C6 05 16 00 CA 1C 00 00 FC 12 00 00 98 03 00 00 78 00 00 00 00 00 93 00 00 00 E5 ED
FRAME A5 5A 01 01 C7 05 16 00 24 1D 00 00 FC 12 00 00 98 03 00 00 78 00 00 00 00 00 93 00 00 00 8C 09
